no;id;time;x;w;z;y
1;1;1;-0.626453811;-0.886149585;0;NA
2;1;2;0.183643324;-1.922254896;0;NA
3;1;3;-0.835628612;1.619700744;1;0
4;1;4;1.595280802;0.519269905;1;0
5;1;5;0.329507772;-0.055849932;1;0
6;1;6;-0.820468384;0.69641761;1;0
7;1;7;0.487429052;0.053515679;1;0
8;1;8;0.738324705;-1.310283497;1;0
9;1;9;0.575781352;-2.123066058;0;NA
10;1;10;-0.305388387;-0.208078589;1;0
11;2;1;1.511781168;-0.31278658;1;5
12;2;2;0.389843236;-1.05823571;0;NA
13;2;3;-0.621240581;0.417223596;0;NA
14;2;4;-2.214699887;-0.315451534;0;NA
15;2;5;1.124930918;0.825549134;1;7
16;2;6;-0.044933609;1.291272038;1;0
17;2;7;-0.016190263;-0.625104978;0;NA
18;2;8;0.943836211;-0.875146755;1;6
19;2;9;0.821221195;0.143356943;1;1
20;2;10;0.593901321;1.425189633;1;1
21;3;1;0.918977372;-1.734749426;1;1
22;3;2;0.782136301;-0.837404647;1;0
23;3;3;0.074564983;-0.715752615;1;0
24;3;4;-1.989351696;0.374820958;1;1
25;3;5;0.619825748;2.383327962;1;0
26;3;6;-0.05612874;-0.463912962;1;0
27;3;7;-0.155795507;-0.426500402;1;0
28;3;8;-1.470752384;-1.703095214;1;0
29;3;9;-0.478150055;-1.041497356;1;0
30;3;10;0.41794156;0.768734962;1;0
31;4;1;1.358679552;-0.745320377;1;0
32;4;2;-0.102787727;-0.486471496;1;0
33;4;3;0.387671612;-0.353039445;1;0
34;4;4;-0.053805041;-0.062300524;1;0
35;4;5;-1.377059557;1.61961511;0;NA
36;4;6;-0.414994563;1.246211406;1;0
37;4;7;-0.394289954;2.008589956;1;0
38;4;8;-0.059313397;-1.854419513;0;NA
39;4;9;1.100025372;-0.462714382;1;0
40;4;10;0.763175748;1.043103833;1;0
41;5;1;-0.164523596;-0.303837521;0;NA
42;5;2;-0.25336168;0.3180807;0;NA
43;5;3;0.696963375;-0.648749008;1;0
44;5;4;0.556663199;-1.868904344;0;NA
45;5;5;-0.688755695;-1.206996579;0;NA
46;5;6;-0.707495157;1.897258058;1;0
47;5;7;0.364581962;-0.261585559;0;NA
48;5;8;0.768532925;1.787981716;1;0
49;5;9;-0.112346212;0.867300516;0;NA
50;5;10;0.881107726;0.702580938;1;0
51;6;1;0.39810588;1.62353224;1;6
52;6;2;-0.612026393;-1.590158709;0;NA
53;6;3;0.341119691;-0.609991215;1;0
54;6;4;-1.129363096;-0.313281134;0;NA
55;6;5;1.433023702;-0.922129768;1;1
56;6;6;1.980399899;-0.256480608;1;23
57;6;7;-0.367221476;-2.082854637;0;NA
58;6;8;-1.044134626;-1.417153979;0;NA
59;6;9;0.569719627;0.61078101;1;0
60;6;10;-0.135054604;0.241520798;1;0
61;7;1;2.401617761;1.303964823;1;4
62;7;2;-0.039240003;-0.334528578;0;NA
63;7;3;0.689739362;-0.384539895;0;NA
64;7;4;0.028002159;-0.421168212;0;NA
65;7;5;-0.743273209;-0.958355233;0;NA
66;7;6;0.1887923;0.249116308;0;NA
67;7;7;-1.804958629;-1.17887937;0;NA
68;7;8;1.465554862;0.495593283;1;0
69;7;9;0.153253338;-0.177704306;0;NA
70;7;10;2.17261167;0.774733936;1;1
71;8;1;0.475509529;1.247946376;1;2
72;8;2;-0.709946431;-0.416216757;1;0
73;8;3;0.610726353;-0.429717936;1;3
74;8;4;-0.934097632;-0.046525225;1;1
75;8;5;-1.2536334;-0.658591541;0;NA
76;8;6;0.291446236;1.602584077;1;9
77;8;7;-0.443291873;-0.063672049;0;NA
78;8;8;0.001105352;0.868827634;1;4
79;8;9;0.074341324;0.378375481;1;13
80;8;10;-0.589520946;1.415688169;1;3
81;9;1;-0.568668733;-0.209026757;1;1
82;9;2;-0.135178615;-2.678044592;1;3
83;9;3;1.178086997;0.609180471;1;8
84;9;4;-1.5235668;-1.033640177;0;NA
85;9;5;0.593946188;0.497391496;1;4
86;9;6;0.332950371;-0.973892337;1;0
87;9;7;1.063099837;-0.094471908;1;4
88;9;8;-0.304183924;-0.553976694;1;0
89;9;9;0.37001881;-0.245759576;1;1
90;9;10;0.267098791;-0.654785609;1;1
91;10;1;-0.542520031;-0.983805243;1;0
92;10;2;1.207867806;0.196407461;1;22
93;10;3;1.160402616;-1.216526312;1;2
94;10;4;0.70021365;-0.285042864;1;3
95;10;5;1.586833455;-0.300346065;1;32
96;10;6;0.558486426;-0.638620501;1;7
97;10;7;-1.276592208;1.742847896;1;0
98;10;8;-0.573265414;-1.869400596;0;NA
99;10;9;-1.224612615;0.031184492;0;NA
100;10;10;-0.473400636;-1.20911413;0;NA
101;11;1;-0.620366677;-1.341050948;0;NA
102;11;2;0.042115873;-0.045707226;1;0
103;11;3;-0.910921649;2.187991116;1;0
104;11;4;0.158028772;1.422095796;1;0
105;11;5;-0.654584644;0.183247021;0;NA
106;11;6;1.767287269;-0.652932838;1;2
107;11;7;0.716707476;2.042559316;1;1
108;11;8;0.910174229;-0.234491195;1;0
109;11;9;0.384185358;-0.891424767;1;1
110;11;10;1.682176081;-1.357470306;1;0
111;12;1;-0.635736454;-0.584027988;0;NA
112;12;2;-0.46164473;1.668095117;0;NA
113;12;3;1.432282239;1.085743356;1;0
114;12;4;-0.650696353;0.557528329;0;NA
115;12;5;-0.207380744;-1.636832819;0;NA
116;12;6;-0.392807929;-0.27153803;0;NA
117;12;7;-0.319992869;1.091798554;0;NA
118;12;8;-0.279113303;-0.31375326;0;NA
119;12;9;0.494188331;-0.682023897;0;NA
120;12;10;-0.177330482;0.052080686;0;NA
121;13;1;-0.505957462;-0.709296468;0;NA
122;13;2;1.343038825;-0.354708314;1;0
123;13;3;-0.214579409;2.395033342;1;0
124;13;4;-0.17955653;0.551009937;0;NA
125;13;5;-0.100190741;1.248785895;1;1
126;13;6;0.712666307;0.049470152;0;NA
127;13;7;-0.073564404;-0.455548815;1;10
128;13;8;-0.037634171;0.657889402;1;1
129;13;9;-0.681660479;-1.485467412;0;NA
130;13;10;-0.324270272;1.469184549;1;0
131;14;1;0.06016044;-0.221761166;0;NA
132;14;2;-0.588894486;-3.022303214;0;NA
133;14;3;0.531496193;-0.86909554;0;NA
134;14;4;-1.518394082;-0.413891555;0;NA
135;14;5;0.306557861;1.989218265;1;1
136;14;6;-1.536449824;-0.078989768;0;NA
137;14;7;-0.300976127;-1.483828947;0;NA
138;14;8;-0.528279904;-0.286871051;0;NA
139;14;9;-0.652094781;-0.901023769;0;NA
140;14;10;-0.056896778;-1.574017112;0;NA
141;15;1;-1.914359426;-0.668314932;0;NA
142;15;2;1.176583312;-1.856164514;0;NA
143;15;3;-1.664972436;2.683922918;1;0
144;15;4;-0.463530401;0.278246736;1;0
145;15;5;-1.115920105;0.625069617;0;NA
146;15;6;-0.750819001;-1.151432502;0;NA
147;15;7;2.087166546;1.295667307;1;1
148;15;8;0.01739562;0.522128473;1;0
149;15;9;-1.28630053;-0.9386265;0;NA
150;15;10;-1.640605534;-0.107737862;0;NA
151;16;1;0.450187101;-0.399631508;0;NA
152;16;2;-0.018559833;1.286701363;1;1
153;16;3;-0.318068375;-0.1636491;0;NA
154;16;4;-0.929362147;1.085229837;1;1
155;16;5;-1.48746031;0.729831945;1;0
156;16;6;-1.075192297;-0.299175594;0;NA
157;16;7;1.000028804;-0.049918614;1;2
158;16;8;-0.621266695;-0.862410306;0;NA
159;16;9;-1.384426847;-0.497998099;0;NA
160;16;10;1.869290622;-1.395918217;1;7
161;17;1;0.425100377;-0.424377209;1;0
162;17;2;-0.238647101;-0.36488733;0;NA
163;17;3;1.058483049;-0.218080698;1;1
164;17;4;0.886422651;2.499351788;1;1
165;17;5;-0.619243048;0.14517389;1;0
166;17;6;2.206102465;-1.477803443;0;NA
167;17;7;-0.25502703;0.929243487;0;NA
168;17;8;-1.42449465;-0.288020655;0;NA
169;17;9;-0.144399602;1.409372456;1;0
170;17;10;0.207538339;0.053768001;0;NA
171;18;1;2.307978399;1.606767778;1;11
172;18;2;0.105802368;-0.017227124;1;3
173;18;3;0.456998805;-0.542639051;1;2
174;18;4;-0.077152935;1.97869266;1;8
175;18;5;-0.334000842;-1.366112645;0;NA
176;18;6;-0.034726028;0.424896361;1;1
177;18;7;0.787639606;-0.976309021;1;12
178;18;8;2.075245009;1.192971684;1;42
179;18;9;1.027392439;0.44095963;1;5
180;18;10;1.207908398;-0.429097559;1;17
181;19;1;-1.231323422;-0.377664266;1;0
182;19;2;0.98389557;0.888700058;1;0
183;19;3;0.219924804;-1.065006111;1;0
184;19;4;-1.467250029;-0.777271197;0;NA
185;19;5;0.521022743;0.407862634;1;0
186;19;6;-0.158754605;0.750271673;1;0
187;19;7;1.464587312;-1.715003173;1;0
188;19;8;-0.766082;0.192254687;1;0
189;19;9;-0.430211754;-1.161733238;1;0
190;19;10;-0.926109497;-0.641828664;1;0
191;20;1;-0.177103961;1.312439187;1;0
192;20;2;0.402011779;1.001540094;1;1
193;20;3;-0.731748173;-0.19352784;1;0
194;20;4;0.830373168;-0.93317682;1;0
195;20;5;-1.208082786;0.310329445;1;1
196;20;6;-1.047984413;1.583321714;1;0
197;20;7;1.441157707;0.906149175;1;2
198;20;8;-1.015847465;0.401142831;1;0
199;20;9;0.411974712;0.075697442;1;0
200;20;10;-0.381076051;1.059489168;1;0
201;21;1;0.40940184;0.916938037;1;0
202;21;2;1.688873286;0.809273077;1;1
203;21;3;1.586588433;-0.711622279;1;5
204;21;4;-0.330907801;-2.689585179;0;NA
205;21;5;-2.285235535;-0.567047025;0;NA
206;21;6;2.49766159;1.299198833;1;6
207;21;7;0.667066167;-0.190291545;1;1
208;21;8;0.541327336;-0.638048334;1;0
209;21;9;-0.013399523;-2.035383882;0;NA
210;21;10;0.510108423;-0.604372355;1;0
211;22;1;-0.164375832;-0.808161889;0;NA
212;22;2;0.420694643;-0.606779178;1;2
213;22;3;-0.400246744;0.086908821;0;NA
214;22;4;-1.370207878;-0.234297029;0;NA
215;22;5;0.987838267;1.262526896;1;0
216;22;6;1.519745025;-1.563798092;0;NA
217;22;7;-0.308740569;-1.493471523;0;NA
218;22;8;-1.253289756;-1.097134822;0;NA
219;22;9;0.642241306;-0.029106748;1;0
220;22;10;-0.044709137;2.17368492;1;0
221;23;1;-1.733218407;1.369787049;1;0
222;23;2;0.00213186;-0.378380661;1;1
223;23;3;-0.630300334;-0.778744876;0;NA
224;23;4;-0.34096858;1.264085329;1;2
225;23;5;-1.156572363;0.308013117;1;0
226;23;6;1.803141908;-0.41850169;1;1
227;23;7;-0.331132036;-0.03764293;1;0
228;23;8;-1.605513412;1.187298566;0;NA
229;23;9;0.197193439;-0.105657694;1;0
230;23;10;0.263175646;0.202441652;1;0
231;24;1;-0.9858267;0.780408474;0;NA
232;24;2;-2.888920672;-0.54214238;0;NA
233;24;3;-0.640481703;-2.026532146;0;NA
234;24;4;0.570507636;-0.021671994;0;NA
235;24;5;-0.059723276;1.222282606;0;NA
236;24;6;-0.098178744;-0.173681632;1;1
237;24;7;0.560820729;0.664013192;1;0
238;24;8;-1.186458639;-0.547838198;0;NA
239;24;9;1.096777044;-0.917442005;0;NA
240;24;10;-0.005344028;0.437105753;1;0
241;25;1;0.707310667;-0.384968562;1;2
242;25;2;1.034107735;0.842375304;1;4
243;25;3;0.223480415;0.953016305;1;0
244;25;4;-0.878707613;-0.410631816;1;3
245;25;5;1.162964556;0.100808277;1;1
246;25;6;-2.000164945;0.920755693;0;NA
247;25;7;-0.54479074;1.459595215;1;0
248;25;8;-0.255670709;-0.396842534;1;0
249;25;9;-0.166121037;-0.483083829;0;NA
250;25;10;1.020463909;-0.316219132;1;1
251;26;1;0.136221893;1.210003948;1;0
252;26;2;0.407167603;-0.752980648;1;3
253;26;3;-0.069654813;-0.649267244;1;0
254;26;4;-0.247664342;-0.254244453;1;2
255;26;5;0.695550807;-1.296369558;1;1
256;26;6;1.146228357;-0.424657091;1;0
257;26;7;-2.403096215;-0.399155729;0;NA
258;26;8;0.572739555;0.059874909;1;0
259;26;9;0.374724407;0.680677864;1;0
260;26;10;-0.425267722;1.569421761;1;0
261;27;1;0.951012808;0.811309022;1;3
262;27;2;-0.389237182;-1.271267925;0;NA
263;27;3;-0.284330662;1.504675884;1;0
264;27;4;0.857409778;0.806987101;1;0
265;27;5;1.719627299;0.064576981;1;1
266;27;6;0.270054901;1.344053711;1;0
267;27;7;-0.42218401;0.541897772;1;0
268;27;8;-1.189113295;-0.154065041;1;1
269;27;9;-0.331032979;-0.582331652;1;0
270;27;10;-0.939829327;0.886588633;1;0
271;28;1;-0.258932583;-2.211156968;1;0
272;28;2;0.394379168;-0.154888281;1;0
273;28;3;-0.851857092;-1.127113449;1;0
274;28;4;2.649166881;-2.020117036;1;17
275;28;5;0.156011676;0.222627003;1;0
276;28;6;1.130207267;-0.127903122;1;1
277;28;7;-2.28912398;-2.024045139;0;NA
278;28;8;0.741001157;-0.279678879;1;2
279;28;9;-1.31624516;0.42063066;1;0
280;28;10;0.919803678;0.642884937;1;1
281;29;1;0.398130155;0.294381383;1;0
282;29;2;-0.407528579;0.719141732;0;NA
283;29;3;1.32425863;0.192504699;1;0
284;29;4;-0.701231669;0.367439636;1;0
285;29;5;-0.580614304;-0.113398922;0;NA
286;29;6;-1.001072181;-1.036593616;0;NA
287;29;7;-0.668178607;0.252591163;0;NA
288;29;8;0.945184953;0.922545423;1;0
289;29;9;0.43370215;2.274935946;1;0
290;29;10;1.005159218;-0.441438668;0;NA
291;30;1;-0.390118664;0.011752033;1;1
292;30;2;0.376370292;-2.126993079;0;NA
293;30;3;0.244164924;-0.792114566;1;1
294;30;4;-1.426257342;1.288818083;1;0
295;30;5;1.778429287;-0.254336528;1;5
296;30;6;0.134447661;0.568885736;1;0
297;30;7;0.765598999;0.66745033;1;4
298;30;8;0.955136677;-0.949624292;0;NA
299;30;9;-0.050565701;0.015508672;1;0
300;30;10;-0.30581542;0.232532404;1;0
301;31;1;0.893673702;-0.31168916;1;0
302;31;2;-1.047298149;0.205749058;0;NA
303;31;3;1.971337386;-0.653986925;1;0
304;31;4;-0.383632106;-1.153257707;0;NA
305;31;5;1.654145302;0.527490919;1;1
306;31;6;1.512212694;1.393919109;1;0
307;31;7;0.082965734;0.181630556;1;0
308;31;8;0.567220915;-0.069301523;1;0
309;31;9;-1.02454848;-0.294465387;0;NA
310;31;10;0.323006503;1.414030335;1;0
311;32;1;1.043612458;1.09999773;1;6
312;32;2;0.099078487;1.404411242;1;0
313;32;3;-0.454136909;0.623132278;1;0
314;32;4;-0.655781852;0.273942897;1;3
315;32;5;-0.035922423;0.499645793;1;0
316;32;6;1.069161461;0.263341484;1;4
317;32;7;-0.48397493;-1.200118277;0;NA
318;32;8;-0.121010111;2.151781942;1;0
319;32;9;-1.294140004;-1.145469601;0;NA
320;32;10;0.494312836;0.952305694;1;2
321;33;1;1.30790152;-1.235924032;1;28
322;33;2;1.497041009;-0.893846356;1;50
323;33;3;0.814702731;-0.708910983;1;1
324;33;4;-1.86978879;-1.197657068;0;NA
325;33;5;0.482029504;-0.070090342;1;8
326;33;6;0.456135603;-0.84922943;1;2
327;33;7;-0.353400286;0.156863359;1;0
328;33;8;0.170489471;2.017415109;1;4
329;33;9;-0.864035954;0.73759262;1;3
330;33;10;0.679230774;-1.691589224;1;16
331;34;1;-0.327101015;0.477716592;1;4
332;34;2;-1.569082185;0.074682513;0;NA
333;34;3;-0.367450756;1.94243134;1;0
334;34;4;1.364434929;0.505147383;1;3
335;34;5;-0.334281365;-0.258461577;1;2
336;34;6;0.732750042;-1.262471544;1;25
337;34;7;0.94658564;0.046789638;1;8
338;34;8;0.004398704;1.189970765;1;1
339;34;9;-0.352322306;-0.894031165;1;3
340;34;10;-0.529695509;-0.765291306;1;1
341;35;1;0.739589226;0.984525033;1;0
342;35;2;-1.063457415;0.916771844;1;0
343;35;3;0.246210844;-0.289544655;1;0
344;35;4;-0.289499367;-0.487510708;1;0
345;35;5;-2.264889356;-0.271832629;1;0
346;35;6;-1.408850456;1.10621754;1;0
347;35;7;0.916019329;0.058623249;1;0
348;35;8;-0.191278951;0.258656214;1;0
349;35;9;0.803283216;1.631405583;1;0
350;35;10;1.887474463;0.869368597;1;1
351;36;1;1.473881181;1.217044417;1;23
352;36;2;0.677268492;1.720397302;1;2
353;36;3;0.379962687;-0.312777426;1;2
354;36;4;-0.192798426;-0.102184703;1;7
355;36;5;1.577891795;0.167204472;1;3
356;36;6;0.596234109;0.456607433;1;4
357;36;7;-1.173576941;-0.501574752;0;NA
358;36;8;-0.155642535;0.226939974;1;3
359;36;9;-1.91890982;-0.708633122;1;0
360;36;10;-0.195258846;0.353487396;1;0
361;37;1;-2.59232767;-0.947197536;0;NA
362;37;2;1.314002167;-0.232353004;1;1
363;37;3;-0.635543001;1.39155568;1;0
364;37;4;-0.429978839;-0.34422328;1;0
365;37;5;-0.169318332;-0.697421985;0;NA
366;37;6;0.612218174;0.585413441;1;0
367;37;7;0.678340177;-2.99510299;0;NA
368;37;8;0.567951972;0.101985743;1;0
369;37;9;-0.572542604;0.206759201;0;NA
370;37;10;-1.363291256;2.344426228;1;1
371;38;1;-0.388722244;-0.560879084;0;NA
372;38;2;0.277914132;-0.802221374;0;NA
373;38;3;-0.823081122;2.285432828;1;0
374;38;4;-0.068840934;0.367243353;0;NA
375;38;5;-1.167662326;-0.005865957;0;NA
376;38;6;-0.008309014;0.512077211;1;0
377;38;7;0.128855402;-0.447384225;1;0
378;38;8;-0.145875628;-1.211032442;1;0
379;38;9;-0.163910957;0.770953821;1;0
380;38;10;1.763552003;0.089008869;1;4
381;39;1;0.762586512;-0.098917594;1;1
382;39;2;1.111431081;-1.31572476;1;6
383;39;3;-0.923206953;-0.795616593;0;NA
384;39;4;0.164341838;0.482380757;1;0
385;39;5;1.154825187;-0.951630212;1;0
386;39;6;-0.056521425;0.499536595;1;0
387;39;7;-2.129360648;1.242153471;0;NA
388;39;8;0.344845762;0.947279829;1;1
389;39;9;-1.904955446;-1.328748802;0;NA
390;39;10;-0.811170153;0.126956788;0;NA
391;40;1;1.324004321;0.009915382;1;6
392;40;2;0.615636849;0.904961918;1;2
393;40;3;1.091668956;0.383216488;1;6
394;40;4;0.306604862;-1.308430042;0;NA
395;40;5;-0.110158762;-0.338359382;1;1
396;40;6;-0.924312773;1.127188468;1;0
397;40;7;1.592913754;0.934729924;1;1
398;40;8;0.045010598;1.830595909;1;2
399;40;9;-0.715128401;-0.98073266;0;NA
400;40;10;0.8652231;-0.67074502;1;0
401;41;1;1.074440958;-0.374328923;1;1
402;41;2;1.895654774;0.995353828;1;27
403;41;3;-0.602997304;0.102143509;1;0
404;41;4;-0.390867821;1.482943728;1;3
405;41;5;-0.416222032;0.560048683;1;0
406;41;6;-0.375657423;0.142450959;1;0
407;41;7;-0.366630946;1.829671733;1;0
408;41;8;-0.295677453;0.518397801;1;1
409;41;9;1.44182041;0.691874262;1;28
410;41;10;-0.697538292;0.028010036;1;0
411;42;1;-0.388167506;-0.165045151;1;0
412;42;2;0.652536452;-0.721035051;1;1
413;42;3;1.124772447;-1.281830223;1;0
414;42;4;-0.772110803;-0.222848821;1;0
415;42;5;-0.508086216;0.02731878;1;0
416;42;6;0.52362059;1.827627833;1;0
417;42;7;1.017754227;1.178411914;1;1
418;42;8;-0.251164588;-0.356311145;0;NA
419;42;9;-1.429993447;0.93379463;1;0
420;42;10;1.709121032;-1.085339212;0;NA
421;43;1;1.435069572;0.119806436;1;16
422;43;2;-0.710371146;0.4717605;1;4
423;43;3;-0.065067574;-1.697388362;0;NA
424;43;4;-1.759468735;1.192705781;1;1
425;43;5;0.569722972;-0.687800123;1;5
426;43;6;1.612346798;-1.810456472;1;5
427;43;7;-1.637280647;-1.242698551;1;2
428;43;8;-0.779568513;-1.970755207;0;NA
429;43;9;-0.641176934;-0.412036665;1;0
430;43;10;-0.681131394;0.825804061;1;1
431;44;1;-2.033285596;-0.561558774;0;NA
432;44;2;0.500963559;-1.226817284;1;2
433;44;3;-1.53179814;-0.333583965;0;NA
434;44;4;-0.024997639;0.006174515;1;0
435;44;5;0.592984721;0.246559481;1;0
436;44;6;-0.198195421;0.447567913;1;0
437;44;7;0.892008392;-0.245017938;1;0
438;44;8;-0.025715071;-0.076433395;0;NA
439;44;9;-0.647660451;1.123049509;1;0
440;44;10;0.646359415;1.58075036;1;1
441;45;1;-0.43383274;-0.827861327;1;1
442;45;2;1.772611185;0.491211652;1;3
443;45;3;-0.018259711;0.018576977;1;0
444;45;4;0.852814994;1.320948185;1;6
445;45;5;0.205162903;0.930230736;1;0
446;45;6;-3.008048599;1.076216144;1;0
447;45;7;-1.366111931;-0.300270613;1;0
448;45;8;-0.42410226;1.044740625;1;0
449;45;9;0.236803664;0.70914111;1;1
450;45;10;-2.34272312;-1.269407464;0;NA
451;46;1;0.961696633;-0.932085734;1;2
452;46;2;-0.604425734;1.373607195;1;10
453;46;3;-0.752877279;-0.461052845;0;NA
454;46;4;-1.555611593;1.315696122;0;NA
455;46;5;-1.453893738;0.658934712;1;0
456;46;6;0.056331836;-1.070990857;1;2
457;46;7;0.509369407;-0.538986428;1;16
458;46;8;-2.09788296;-1.297388146;1;1
459;46;9;-1.004361979;0.190233485;0;NA
460;46;10;0.535771722;-3.539585961;0;NA
461;47;1;-0.453037085;1.211397601;1;1
462;47;2;2.165368502;0.29088382;1;4
463;47;3;1.245746673;0.814770877;1;1
464;47;4;0.595498034;-0.222340613;1;0
465;47;5;0.00488445;1.434830843;1;0
466;47;6;0.279360782;0.189609125;1;3
467;47;7;-0.705906125;-0.98158744;0;NA
468;47;8;0.628017153;-0.078301174;1;0
469;47;9;1.48021396;0.90074176;1;3
470;47;10;1.08342991;-1.446104786;1;0
471;48;1;-0.813244257;-0.071477095;0;NA
472;48;2;-1.618876849;-0.796143609;0;NA
473;48;3;-0.109655699;-1.545439483;0;NA
474;48;4;0.440889371;2.096200236;1;1
475;48;5;1.35099398;0.167346099;1;1
476;48;6;-1.318609485;0.514098656;0;NA
477;48;7;0.364384593;0.125394721;1;2
478;48;8;0.233499835;-1.581247791;0;NA
479;48;9;1.193955261;0.07304076;0;NA
480;48;10;-0.027909972;1.347696936;1;0
481;49;1;-0.357298855;1.375399559;1;0
482;49;2;-1.146814136;-0.517081329;1;0
483;49;3;-0.517420484;1.515827109;1;0
484;49;4;-0.362123773;1.499125729;1;1
485;49;5;2.350554326;0.81457697;1;32
486;49;6;2.446531376;1.665648541;1;29
487;49;7;-0.166703279;1.014968698;1;1
488;49;8;-1.043667439;0.527156146;1;0
489;49;9;-1.972934934;-1.944936004;0;NA
490;49;10;0.514671633;0.688310257;1;0
491;50;1;-1.090573584;0.076331418;1;0
492;50;2;2.284659326;-0.837499619;1;1
493;50;3;-0.885617573;-0.150187061;0;NA
494;50;4;0.11110643;-0.996213533;0;NA
495;50;5;3.810276681;1.216600133;1;2
496;50;6;-1.108909998;-0.171835289;0;NA
497;50;7;0.307566624;-1.333959981;0;NA
498;50;8;-1.106894472;0.14156072;0;NA
499;50;9;0.347653649;-1.291411056;1;0
500;50;10;-0.873264535;-1.332487194;0;NA
501;51;1;0.077303123;-1.805483556;0;NA
502;51;2;-0.296868642;-0.678040682;0;NA
503;51;3;-1.18324224;-0.473358051;0;NA
504;51;4;0.011292688;1.027417079;1;0
505;51;5;0.991601036;-0.597387569;1;0
506;51;6;1.593967454;1.159849377;1;0
507;51;7;-1.372711271;-1.33322688;0;NA
508;51;8;-0.249610933;-0.925755662;0;NA
509;51;9;1.159424527;-1.074495125;1;13
510;51;10;-1.114222348;-1.451116495;0;NA
511;52;1;-2.528500689;-0.588732164;1;0
512;52;2;-0.935902559;-0.115384287;0;NA
513;52;3;-0.967239458;-0.720370869;0;NA
514;52;4;0.047488592;0.003300257;1;0
515;52;5;-0.403736793;0.98736134;1;0
516;52;6;0.231496128;0.953509389;1;1
517;52;7;-0.422372408;-1.708701312;0;NA
518;52;8;0.374118395;0.293398785;1;0
519;52;9;-0.366005775;-1.149001889;0;NA
520;52;10;1.190101447;-0.1752939;1;0
521;53;1;-0.737327525;0.035154802;1;3
522;53;2;0.290666645;-0.666786428;1;1
523;53;3;-0.884849568;-0.815686817;0;NA
524;53;4;0.208006479;0.121877368;0;NA
525;53;5;-0.047730172;0.065354055;1;0
526;53;6;-1.684520646;-1.726352516;0;NA
527;53;7;-0.144226557;-0.93558663;1;1
528;53;8;1.180213666;1.298654298;1;1
529;53;9;0.681399923;-0.589983652;1;2
530;53;10;0.143247631;0.555292979;1;1
531;54;1;-1.192316444;-0.194943476;0;NA
532;54;2;1.169228653;-0.688125437;1;5
533;54;3;0.079201709;0.082698645;1;12
534;54;4;-0.451773753;0.168146832;1;3
535;54;5;1.642028213;0.805546729;1;2
536;54;6;-0.769592322;-0.212200869;0;NA
537;54;7;0.303360961;-0.852429402;0;NA
538;54;8;1.281737421;-1.296674815;1;9
539;54;9;0.602222795;-2.544660946;0;NA
540;54;10;-0.307022265;0.536258012;0;NA
541;55;1;-0.418418103;0.023465666;1;0
542;55;2;0.35513553;1.046930984;1;0
543;55;3;0.513481115;-0.506404861;1;0
544;55;4;0.0186074;0.647961975;1;0
545;55;5;1.318448972;0.485718791;1;0
546;55;6;-0.065832;-1.207001512;0;NA
547;55;7;-0.700296078;-0.002970201;0;NA
548;55;8;0.537326132;1.586859761;1;1
549;55;9;-2.201782322;-0.993224256;0;NA
550;55;10;0.391973744;0.060022556;1;0
551;56;1;0.496960952;0.65741452;1;0
552;56;2;-0.224874715;-0.233107955;1;0
553;56;3;-1.117143165;0.745678676;1;0
554;56;4;-0.394994603;0.541077905;0;NA
555;56;5;1.549830342;-0.835159082;1;0
556;56;6;-0.74351448;0.134811864;0;NA
557;56;7;-2.331712118;-0.284421054;0;NA
558;56;8;0.812245442;0.466684915;1;0
559;56;9;-0.501310657;-1.106422593;0;NA
560;56;10;-0.510886566;-0.107821942;0;NA
561;57;1;-1.215364041;0.050237739;0;NA
562;57;2;-0.022558628;0.310879062;1;1
563;57;3;0.7012393;0.17888749;1;0
564;57;4;-0.587482026;-1.059781058;1;1
565;57;5;-0.606727941;-0.973634523;1;0
566;57;6;1.096640215;-0.561336511;1;1
567;57;7;-0.247509677;-1.28289866;1;0
568;57;8;-0.159901713;1.986637766;1;0
569;57;9;-0.625778251;0.07118473;1;0
570;57;10;0.900434636;-0.402094026;1;1
571;58;1;-0.994193629;-0.195765758;1;0
572;58;2;0.849250386;-0.393221778;1;1
573;58;3;0.805702289;-0.090135609;1;1
574;58;4;-0.467600936;-0.193311894;1;0
575;58;5;0.848420314;-0.632296235;1;0
576;58;6;0.986769864;-0.371683986;1;2
577;58;7;0.575620289;-0.732591874;1;1
578;58;8;2.024842045;-0.813287877;1;3
579;58;9;-1.962353191;0.587752194;1;1
580;58;10;-1.164920931;-0.532123435;0;NA
581;59;1;-1.376519214;1.470141356;1;0
582;59;2;0.167679934;0.126046064;1;0
583;59;3;1.584629079;0.877615253;1;0
584;59;4;1.677888953;-0.477464545;1;1
585;59;5;0.488296698;-2.242931166;0;NA
586;59;6;0.878673263;0.015618767;1;0
587;59;7;-0.144874874;1.13216758;1;0
588;59;8;0.46897176;-0.075405162;1;1
589;59;9;0.376235477;-0.443714905;0;NA
590;59;10;-0.761040275;0.260078388;1;0
591;60;1;-0.293294934;0.013341778;0;NA
592;60;2;-0.134841264;-0.963884516;0;NA
593;60;3;1.393845816;1.657307624;1;2
594;60;4;-1.03698869;-0.22506592;0;NA
595;60;5;-2.114335148;-1.518574935;0;NA
596;60;6;0.768278218;-1.335583543;0;NA
597;60;7;-0.816160621;0.529528816;0;NA
598;60;8;-0.436106923;1.393261141;0;NA
599;60;9;0.904705031;1.126627808;1;0
600;60;10;-0.763086265;-0.011359345;0;NA
601;61;1;-0.34106698;0.940336802;1;0
602;61;2;1.502424534;0.78785519;1;2
603;61;3;0.528307712;0.086941938;0;NA
604;61;4;0.542191355;0.032800971;1;0
605;61;5;-0.136673356;1.552857355;1;0
606;61;6;-1.136733853;-2.404878042;0;NA
607;61;7;-1.496627154;0.167329285;0;NA
608;61;8;-0.223385644;-0.403126681;1;0
609;61;9;2.001719228;-1.745843696;1;3
610;61;10;0.221703816;-0.693843121;0;NA
611;62;1;0.164372909;-0.139666181;1;0
612;62;2;0.332623609;-0.458237969;1;2
613;62;3;-0.385207999;0.983996778;1;0
614;62;4;-1.398754027;0.687225473;1;0
615;62;5;2.675740796;-1.110604373;1;1
616;62;6;-0.423686089;0.541586768;1;1
617;62;7;-0.298601512;0.780177978;1;0
618;62;8;-1.792341727;-1.192188926;1;0
619;62;9;-0.248008225;-0.247267138;1;0
620;62;10;-0.247303918;1.654071931;1;0
621;63;1;-0.255510379;0.503039895;1;0
622;63;2;-1.7869381;0.910053367;1;0
623;63;3;1.784662816;1.756219659;1;3
624;63;4;1.763586348;0.127037058;1;0
625;63;5;0.689600222;0.265966969;1;0
626;63;6;-1.100740644;1.080038279;1;0
627;63;7;0.714509357;0.009368851;1;0
628;63;8;-0.246470317;0.384220244;1;0
629;63;9;-0.319786166;-0.532972848;1;0
630;63;10;1.362644293;-0.822547689;1;3
631;64;1;-1.22788259;-0.046654963;0;NA
632;64;2;-0.511219233;-0.562809636;0;NA
633;64;3;-0.731194999;0.786890999;1;0
634;64;4;0.019752007;-0.647566744;0;NA
635;64;5;-1.572863915;-0.780032486;0;NA
636;64;6;-0.70333327;-0.901525194;0;NA
637;64;7;0.715932089;1.128544365;1;0
638;64;8;0.465214906;-0.3838268;1;0
639;64;9;-0.973902306;-0.593280585;0;NA
640;64;10;0.55921773;-0.125025897;1;1
641;65;1;-2.432639745;-0.482692273;0;NA
642;65;2;-0.340484927;1.6710454;1;1
643;65;3;0.713033195;0.685997297;1;0
644;65;4;-0.659037386;-0.727653611;0;NA
645;65;5;-0.036402623;0.302091046;0;NA
646;65;6;-1.593286302;0.257656207;0;NA
647;65;7;0.847792797;1.124975624;1;0
648;65;8;-1.850388849;-0.310106453;0;NA
649;65;9;-0.323650632;0.824591886;0;NA
650;65;10;-0.255248113;1.174892905;1;0
651;66;1;0.060921227;1.976287939;1;0
652;66;2;-0.823491629;-0.036101797;1;0
653;66;3;1.829730485;0.071168267;1;3
654;66;4;-1.429916216;1.233546222;1;0
655;66;5;0.254137143;0.285783361;1;0
656;66;6;-2.939773695;0.215801604;0;NA
657;66;7;0.002415809;1.375320433;1;0
658;66;8;0.509665571;0.886581087;1;1
659;66;9;-1.084720001;0.017514791;0;NA
660;66;10;0.704832977;-1.633859241;0;NA
661;67;1;0.33097635;-0.100371462;1;0
662;67;2;0.976327473;1.129640049;1;3
663;67;3;-0.84333988;-0.51118359;1;1
664;67;4;-0.970579905;-2.308054919;0;NA
665;67;5;-1.771531349;0.274707477;1;1
666;67;6;-0.322470342;-0.622174861;1;0
667;67;7;-1.338800742;-0.111508826;1;0
668;67;8;0.688156028;-0.114104628;1;6
669;67;9;0.071280652;-1.185330252;1;0
670;67;10;2.189752359;-0.175584395;1;6
671;68;1;-1.157707599;-0.521263766;1;1
672;68;2;1.181688064;-0.221095149;1;31
673;68;3;-0.527368362;-0.552877871;1;2
674;68;4;-1.456628011;-0.438510047;1;2
675;68;5;0.57296737;-0.56762052;1;5
676;68;6;-1.433377705;1.817722874;1;12
677;68;7;-1.055185019;0.597776627;0;NA
678;68;8;-0.733111877;0.303722908;1;1
679;68;9;0.210907264;1.717959776;1;5
680;68;10;-0.998920727;-0.892666423;1;0
681;69;1;1.077850323;0.573534753;1;5
682;69;2;-1.198974383;-1.012356355;0;NA
683;69;3;0.216637035;-0.482025398;1;1
684;69;4;0.14308703;0.511405751;1;0
685;69;5;-1.065750091;-0.559887035;0;NA
686;69;6;-0.428623411;-0.482643607;0;NA
687;69;7;-0.656179477;1.472926061;0;NA
688;69;8;0.959394327;1.594222461;1;1
689;69;9;1.556052636;-0.730869789;1;0
690;69;10;-1.040796434;-0.038289224;0;NA
691;70;1;0.930572409;0.991762357;1;1
692;70;2;-0.075445931;-1.866283061;0;NA
693;70;3;-1.967195349;-0.437333147;0;NA
694;70;4;-0.755903643;0.936080483;1;0
695;70;5;0.461149161;0.383184177;1;0
696;70;6;0.145106631;-0.301734679;1;0
697;70;7;-2.442311321;-1.00425338;0;NA
698;70;8;0.580318685;0.809796443;1;0
699;70;9;0.655051998;1.459656835;1;0
700;70;10;-0.304508837;-2.191225801;1;1
701;71;1;-0.707568233;-0.405339183;1;0
702;71;2;1.971572014;1.940671512;1;3
703;71;3;-0.089998681;0.484965261;1;1
704;71;4;-0.014017252;-0.202097263;1;0
705;71;5;-1.123456937;-1.169628584;0;NA
706;71;6;-1.344130123;-0.369846095;1;1
707;71;7;-1.523155771;0.759793836;1;0
708;71;8;-0.42196821;0.19778909;1;0
709;71;9;1.360924464;-0.454736261;1;9
710;71;10;1.753794845;-0.920596783;1;0
711;72;1;1.568364734;-0.107707243;1;0
712;72;2;1.29675557;-1.203662468;1;1
713;72;3;-0.237596251;2.674870859;1;1
714;72;4;-1.224150136;1.572465087;1;0
715;72;5;-0.32781268;0.678419195;1;1
716;72;6;-2.412450276;0.116412602;1;0
717;72;7;-0.313792873;-0.466313125;1;0
718;72;8;1.659878705;1.846233292;1;0
719;72;9;0.130953101;-1.291395031;1;1
720;72;10;1.095888683;0.96073556;1;0
721;73;1;0.489340957;0.232540891;1;0
722;73;2;-0.778910295;0.862549935;1;0
723;73;3;1.743559353;1.41142799;1;2
724;73;4;-0.078387285;-0.013014848;1;0
725;73;5;-0.975553793;0.202264014;1;0
726;73;6;0.070659825;-2.78601473;0;NA
727;73;7;-1.518599529;-0.158000366;1;1
728;73;8;0.863779033;0.831637995;1;2
729;73;9;0.501568385;2.188531514;1;3
730;73;10;-0.35478133;-1.146093564;1;0
731;74;1;-0.488428888;0.231250103;1;0
732;74;2;0.936293947;0.022648357;1;2
733;74;3;-1.062408386;1.379129589;1;0
734;74;4;-0.983820872;-0.246252755;1;0
735;74;5;0.424247877;-0.005125345;1;0
736;74;6;-0.451313481;-0.963002827;1;0
737;74;7;0.925084797;-0.019373478;1;0
738;74;8;-0.19862081;-1.158667939;0;NA
739;74;9;1.194851017;-0.157074398;1;0
740;74;10;0.495544705;-0.600721005;1;0
741;75;1;-2.245152574;-0.164001751;0;NA
742;75;2;-1.33537136;-0.683797271;1;0
743;75;3;1.282775206;1.662978605;1;1
744;75;4;0.690795904;-0.571670014;1;0
745;75;5;-0.967062668;-0.035458691;1;0
746;75;6;-1.345793685;-0.39706231;1;0
747;75;7;1.033665389;0.714734728;1;3
748;75;8;-0.81177646;1.267454595;1;0
749;75;9;1.801725479;-0.356786332;1;0
750;75;10;1.77154196;-1.025322957;1;2
751;76;1;-1.45469137;0.409716574;0;NA
752;76;2;-0.845654313;0.529754343;1;1
753;76;3;-1.250479659;-0.363127462;0;NA
754;76;4;0.667288068;0.681749394;1;0
755;76;5;-1.290769688;0.203410755;0;NA
756;76;6;-2.035003538;-1.284553034;0;NA
757;76;7;2.021346994;0.610596485;1;6
758;76;8;1.005973488;-1.196288445;1;4
759;76;9;0.817123601;1.322607217;1;4
760;76;10;-0.663988284;0.374295569;0;NA
761;77;1;-0.011281231;1.637341542;1;0
762;77;2;0.619677256;-0.095593819;1;0
763;77;3;-1.281238742;-1.560032098;1;0
764;77;4;-0.124261326;-1.390644144;0;NA
765;77;5;0.175741655;1.285830853;1;0
766;77;6;1.692773794;-0.607072349;1;3
767;77;7;0.642132717;-0.979931899;1;0
768;77;8;1.282233032;0.302427901;1;0
769;77;9;0.140546974;-0.256897007;1;1
770;77;10;-1.112502683;-1.068192654;1;0
771;78;1;-0.339676972;-2.531388159;0;NA
772;78;2;-1.664764639;-0.450927228;0;NA
773;78;3;0.928851762;0.354411231;1;2
774;78;4;1.416826835;-0.348978392;1;5
775;78;5;-0.062720778;-0.146078924;0;NA
776;78;6;-0.980902336;-0.452584202;0;NA
777;78;7;1.087150251;0.234904199;0;NA
778;78;8;0.139327027;0.701257771;1;0
779;78;9;-0.386272098;1.326598315;1;0
780;78;10;1.123585423;-1.573131151;0;NA
781;79;1;-0.759845657;0.218282971;0;NA
782;79;2;1.148959103;-0.253335366;1;8
783;79;3;-0.842476259;1.052904013;1;0
784;79;4;0.39141334;2.223044461;1;1
785;79;5;0.891377242;-0.007854263;1;0
786;79;6;-1.335258713;0.428501681;1;0
787;79;7;0.398123478;1.056338482;1;1
788;79;8;-0.111586803;1.521701206;1;3
789;79;9;0.675743917;1.19958805;1;5
790;79;10;-0.788597935;-2.058904265;0;NA
791;80;1;-0.086986334;-1.15662732;1;0
792;80;2;1.382284008;-0.304085272;1;0
793;80;3;0.168490164;1.89912737;1;2
794;80;4;0.823190948;0.14183987;1;1
795;80;5;-0.220894598;0.092323274;1;0
796;80;6;-1.029391655;0.098804128;1;0
797;80;7;-0.010925691;0.592971271;1;2
798;80;8;-1.224991155;1.274842424;1;0
799;80;9;-2.596111388;1.006989811;1;0
800;80;10;1.169122592;-2.361829664;0;NA
801;81;1;-1.086908817;-2.104060167;0;NA
802;81;2;-1.826083013;-0.084439472;0;NA
803;81;3;0.995281807;0.756329419;1;1
804;81;4;-0.011861781;-1.580716052;0;NA
805;81;5;-0.599628395;0.707245955;0;NA
806;81;6;-0.177947987;-1.045987673;0;NA
807;81;7;-0.425981342;0.259141334;0;NA
808;81;8;0.996658776;-0.001684818;1;3
809;81;9;0.727660709;-1.175553076;0;NA
810;81;10;-1.726630596;1.744628763;0;NA
811;82;1;0.353398496;0.718274507;1;0
812;82;2;0.726813666;2.862142748;1;1
813;82;3;0.668260976;0.717986147;1;1
814;82;4;-2.424317309;-0.329271871;0;NA
815;82;5;-0.235357425;-0.130479534;1;2
816;82;6;1.979633321;-0.547328149;1;1
817;82;7;0.796794539;-1.281760301;0;NA
818;82;8;-1.709276181;-2.17051158;0;NA
819;82;9;-1.663668712;0.000563216;0;NA
820;82;10;0.491109552;1.544001609;1;1
821;83;1;-0.174055486;0.388594092;1;0
822;83;2;0.961290564;-0.314827946;1;1
823;83;3;0.293826662;0.790833341;1;0
824;83;4;0.080999364;0.188585591;1;1
825;83;5;0.183661843;0.584341933;1;1
826;83;6;0.166255035;0.514992388;1;1
827;83;7;-1.269599066;-0.170234346;1;1
828;83;8;2.349493321;1.041202115;1;6
829;83;9;-1.412005407;0.321152385;1;0
830;83;10;-0.016961493;-1.55759254;0;NA
831;84;1;-0.544319353;0.626407795;1;0
832;84;2;1.800112333;1.973650082;1;1
833;84;3;1.011440176;0.303483262;0;NA
834;84;4;-0.563716556;1.989563256;1;0
835;84;5;0.205420795;0.480326049;1;0
836;84;6;1.16546195;0.545158175;1;0
837;84;7;2.23632284;-0.232641682;1;1
838;84;8;0.302265076;-2.056124685;0;NA
839;84;9;-1.042506602;-1.147360739;0;NA
840;84;10;-0.983542313;-0.180051674;0;NA
841;85;1;2.00571858;-1.100314673;1;2
842;85;2;-2.070571484;-1.568913658;0;NA
843;85;3;3.055742369;-0.048343211;1;2
844;85;4;-0.261350594;-0.597890122;0;NA
845;85;5;-0.454393259;2.417339282;1;0
846;85;6;0.157560555;0.109580641;1;1
847;85;7;0.933388728;0.44995201;1;0
848;85;8;0.302828276;0.49077393;1;0
849;85;9;-1.956150222;0.050219537;0;NA
850;85;10;0.353536709;0.654689288;1;1
851;86;1;0.450424514;0.531782683;0;NA
852;86;2;0.659550871;0.770718609;1;0
853;86;3;-1.031420728;0.993125666;0;NA
854;86;4;-2.371022881;1.043510093;0;NA
855;86;5;-0.324576308;0.057823782;1;0
856;86;6;-0.944298751;-1.263245825;0;NA
857;86;7;-0.765889998;-2.653626315;0;NA
858;86;8;-0.953779267;-0.449435059;0;NA
859;86;9;-0.39800445;-1.517405376;0;NA
860;86;10;-0.311217063;-0.318061193;0;NA
861;87;1;0.796092713;-0.242657289;1;0
862;87;2;0.986428344;0.292740897;1;8
863;87;3;-0.794531662;1.671913107;1;0
864;87;4;-0.308817972;1.697915723;1;0
865;87;5;0.361444766;0.918673665;1;1
866;87;6;1.398791105;0.232314846;1;0
867;87;7;-0.05607042;0.422208919;1;0
868;87;8;-1.698873492;-0.047864762;1;0
869;87;9;0.231852545;-1.593512579;0;NA
870;87;10;-0.119090671;1.949125838;1;1
871;88;1;1.772492853;1.186664556;1;9
872;88;2;0.343422165;1.174150148;1;5
873;88;3;-0.623049782;-0.505839168;1;0
874;88;4;-0.439522294;0.578258265;1;0
875;88;5;-0.50529679;0.492192734;1;0
876;88;6;0.186035137;-1.567304571;1;0
877;88;7;0.176417798;-0.168019698;1;6
878;88;8;0.915848207;0.377606178;1;22
879;88;9;0.320176726;0.403096937;1;0
880;88;10;-0.366687297;-0.627499364;1;0
881;89;1;-0.940611295;1.882658798;1;0
882;89;2;0.634702931;1.855548318;1;2
883;89;3;-0.062488482;0.696300671;1;0
884;89;4;0.182837868;-0.642203301;1;0
885;89;5;1.103641018;-0.937594986;1;0
886;89;6;1.752035619;-1.299410356;1;4
887;89;7;-0.95381646;-0.654595628;0;NA
888;89;8;1.644080457;-1.838227812;1;2
889;89;9;-0.866733529;0.497553692;1;0
890;89;10;0.266352192;-1.463481253;1;0
891;90;1;0.222370495;-1.198166171;1;0
892;90;2;-0.27690851;0.68110303;1;0
893;90;3;1.394253041;0.407619483;1;0
894;90;4;-0.658912;1.138317413;1;0
895;90;5;0.660531281;0.501722989;1;0
896;90;6;-0.0132557;-0.06704271;1;0
897;90;7;-0.931480299;0.440053543;1;0
898;90;8;1.214689143;-1.521961121;1;0
899;90;9;-2.088340366;0.109621659;0;NA
900;90;10;-0.526152469;0.189044549;0;NA
901;91;1;-1.541402567;0.781041199;0;NA
902;91;2;0.19432107;-0.046509311;1;10
903;91;3;0.264422549;0.095765931;1;2
904;91;4;-1.118735169;-1.335257866;0;NA
905;91;5;0.650952956;0.548785907;1;6
906;91;6;-1.032900239;-1.905243524;0;NA
907;91;7;0.659201499;0.204274368;1;9
908;91;8;0.2378294;0.408038986;0;NA
909;91;9;0.715275947;1.426751039;1;2
910;91;10;-0.938483039;0.925270772;0;NA
911;92;1;0.09535401;1.024324217;1;1
912;92;2;-0.46281942;-1.79814212;0;NA
913;92;3;-1.468882156;1.602321878;1;0
914;92;4;0.152686506;-0.435433355;0;NA
915;92;5;1.773762611;2.647120038;1;4
916;92;6;-0.648070934;-0.673749332;0;NA
917;92;7;-0.199817476;-1.178813468;0;NA
918;92;8;0.689243733;0.713550605;1;1
919;92;9;0.03614551;-0.012101065;0;NA
920;92;10;1.943536312;1.259869652;1;23
921;93;1;0.737213734;-0.476976799;0;NA
922;93;2;2.321333933;-0.942721047;1;26
923;93;3;0.348909346;0.760675548;0;NA
924;93;4;-1.133916661;-0.249951424;1;1
925;93;5;0.421335268;1.078863191;1;1
926;93;6;-0.924556257;0.642844233;0;NA
927;93;7;-1.007062366;-0.227594654;0;NA
928;93;8;-0.18947433;0.175949524;1;2
929;93;9;0.9339167;0.368619809;1;2
930;93;10;0.34391;-1.168949442;0;NA
931;94;1;0.814020276;-0.579432535;1;0
932;94;2;0.915341002;0.297339761;1;3
933;94;3;-0.17185213;1.852448322;1;0
934;94;4;-2.402231114;0.806713657;0;NA
935;94;5;0.795906852;0.488187458;1;7
936;94;6;2.169115869;0.926501344;1;3
937;94;7;0.058383499;0.458309895;1;0
938;94;8;-1.35491445;-0.651943358;0;NA
939;94;9;-0.367550766;1.215804465;1;1
940;94;10;-0.934517579;-1.086508362;0;NA
941;95;1;-0.04163922;-0.975103712;1;1
942;95;2;0.676112006;0.313026313;1;0
943;95;3;0.866436147;1.691532991;1;3
944;95;4;0.235175025;-0.572387525;1;5
945;95;5;-0.933970133;1.051263103;1;0
946;95;6;0.813252167;-0.181254777;1;0
947;95;7;1.348318555;0.485647036;1;10
948;95;8;2.251882776;-1.43593282;1;2
949;95;9;-0.493652434;-1.061941057;1;1
950;95;10;0.474092599;1.892606641;1;0
951;96;1;1.193691666;0.024490696;1;4
952;96;2;-0.116395472;0.067853725;0;NA
953;96;3;0.524858556;-2.572416522;1;0
954;96;4;0.214421481;1.220297548;1;0
955;96;5;-0.134449535;-0.133698951;0;NA
956;96;6;0.168509103;0.454623065;1;0
957;96;7;0.96473277;0.361680395;1;2
958;96;8;0.408778914;0.391416789;1;0
959;96;9;-0.466438215;-0.402028028;1;0
960;96;10;-2.239782976;1.884997627;1;0
961;97;1;-0.795063185;0.135789209;1;0
962;97;2;-0.019955117;-0.169139109;0;NA
963;97;3;-2.514425122;1.621825434;0;NA
964;97;4;2.210952032;-0.373015352;1;2
965;97;5;-1.48876223;-1.346464027;0;NA
966;97;6;-1.160751876;-2.088680739;0;NA
967;97;7;1.457738225;-0.101618342;1;3
968;97;8;-2.189875949;-0.594396001;0;NA
969;97;9;0.739062681;-0.215893075;1;1
970;97;10;-0.344008769;0.075259998;1;0
971;98;1;0.455876742;2.16692539;1;0
972;98;2;0.878110263;0.645404965;1;9
973;98;3;-0.958463923;-0.197332651;0;NA
974;98;4;-0.705844846;1.273677582;1;0
975;98;5;-2.996949303;-0.307339225;0;NA
976;98;6;-0.961052324;0.522021527;0;NA
977;98;7;0.380188254;1.162632851;0;NA
978;98;8;0.50506759;-0.092848881;1;4
979;98;9;2.027056004;-1.901948182;0;NA
980;98;10;0.064627029;-0.493266202;0;NA
981;99;1;0.463658648;1.863692387;1;1
982;99;2;0.074778333;-0.212808996;1;1
983;99;3;-0.486836236;1.136660021;1;0
984;99;4;0.748910821;0.442739451;1;0
985;99;5;0.464234581;0.06990448;1;0
986;99;6;0.129420458;-2.625883137;0;NA
987;99;7;-0.815460652;0.716413834;0;NA
988;99;8;-0.040150452;-0.604611722;0;NA
989;99;9;0.781416978;-0.370584498;0;NA
990;99;10;0.676452747;-0.533668362;0;NA
991;100;1;-0.482652526;1.812186535;1;2
992;100;2;-0.669113468;-1.19630907;0;NA
993;100;3;0.512801322;-2.691767705;0;NA
994;100;4;1.048909929;0.546513356;1;3
995;100;5;0.121058163;0.768926409;1;4
996;100;6;-0.313292885;-0.186757799;0;NA
997;100;7;-0.88067073;-0.229359755;0;NA
998;100;8;-0.419286891;1.630185635;1;1
999;100;9;-1.482751678;-2.164671441;0;NA
1000;100;10;-0.697318199;-1.077776037;0;NA
1001;101;1;1.134965089;0.73911492;1;2
1002;101;2;1.111931845;0.386608728;1;1
1003;101;3;-0.870777634;1.296397172;1;0
1004;101;4;0.210731585;-0.803558358;1;0
1005;101;5;0.069395647;-1.602625669;0;NA
1006;101;6;-1.662648853;0.933250971;1;0
1007;101;7;0.81083998;1.806089254;1;1
1008;101;8;-1.912345796;-0.056503633;0;NA
1009;101;9;-1.246753429;1.885911319;1;2
1010;101;10;0.998154445;1.578383428;1;1
1011;102;1;-0.540872745;0.502284624;1;5
1012;102;2;-0.216375791;0.429914213;1;1
1013;102;3;-1.621937293;-1.265645529;0;NA
1014;102;4;-1.450963965;2.236232331;1;0
1015;102;5;0.350909731;0.331968378;1;0
1016;102;6;-0.174546929;-0.139282386;1;0
1017;102;7;-0.59142847;-0.734593826;0;NA
1018;102;8;-1.334027261;-2.777592764;0;NA
1019;102;9;-1.097298501;-0.322853959;0;NA
1020;102;10;2.036103609;-1.035586474;1;8
1021;103;1;-0.326489593;0.05475265;1;0
1022;103;2;0.774005212;1.543684919;1;0
1023;103;3;0.785006401;0.964446254;1;0
1024;103;4;0.76324608;-1.832302849;0;NA
1025;103;5;0.29480876;0.132961343;1;0
1026;103;6;-1.252355924;-1.033402038;0;NA
1027;103;7;-1.009503753;-1.728287213;0;NA
1028;103;8;0.751391195;-1.159871032;0;NA
1029;103;9;-1.308353513;-1.393443601;0;NA
1030;103;10;0.527540097;-1.001931445;0;NA
1031;104;1;-0.533539574;1.348391943;1;0
1032;104;2;-0.398376014;-1.775836387;0;NA
1033;104;3;-0.78956945;0.370374694;0;NA
1034;104;4;-0.230141136;0.041960586;1;2
1035;104;5;0.877184842;-0.132750488;0;NA
1036;104;6;0.453733178;-0.013942025;0;NA
1037;104;7;-0.232464148;-0.3660393;0;NA
1038;104;8;0.870005525;-0.105173946;1;4
1039;104;9;1.656003734;1.660244377;1;5
1040;104;10;-0.006368929;1.555077622;1;0
1041;105;1;0.470489453;0.443204941;1;0
1042;105;2;0.278218649;-0.438666721;1;4
1043;105;3;-0.977902941;1.209868455;1;0
1044;105;4;-0.926586142;-1.422925995;0;NA
1045;105;5;1.919770463;-0.058897664;1;0
1046;105;6;0.881277788;0.203736299;1;0
1047;105;7;0.742081772;0.743010635;1;0
1048;105;8;0.147573404;-0.377698933;1;0
1049;105;9;0.485388565;2.378680177;1;0
1050;105;10;0.15185604;-0.887931957;0;NA
1051;106;1;0.041998754;-1.03607625;0;NA
1052;106;2;0.223422312;2.367786423;1;0
1053;106;3;-1.010465086;0.56115404;1;0
1054;106;4;2.401222102;-0.445940052;1;3
1055;106;5;0.80196179;-0.934416511;1;1
1056;106;6;-0.251207959;0.479501557;0;NA
1057;106;7;1.212889371;0.23698055;1;0
1058;106;8;-0.627258086;-1.339402408;0;NA
1059;106;9;1.711158507;-0.107429033;1;0
1060;106;10;-0.394373553;0.577723124;1;0
1061;107;1;-2.321490856;0.454056881;0;NA
1062;107;2;1.364119195;-1.190322831;1;3
1063;107;3;1.132229133;1.973209903;1;11
1064;107;4;-0.774316319;-1.076037483;0;NA
1065;107;5;-1.410374966;0.193951164;0;NA
1066;107;6;-1.834527581;1.086040386;1;2
1067;107;7;-0.269013538;0.078725931;1;4
1068;107;8;-1.833928577;1.470183364;1;0
1069;107;9;-0.814468019;2.714331145;1;1
1070;107;10;0.163572122;1.116349684;1;2
1071;108;1;0.855519222;0.988758104;1;0
1072;108;2;-0.819963127;-1.025927327;1;1
1073;108;3;-0.12360276;1.694425889;1;0
1074;108;4;0.254948236;-0.043857933;1;0
1075;108;5;1.718926338;0.408924334;1;0
1076;108;6;-0.958543528;0.115209478;0;NA
1077;108;7;-1.604310262;-0.176403196;1;0
1078;108;8;-1.845609422;2.0817163;0;NA
1079;108;9;0.555737185;2.049066193;1;0
1080;108;10;-0.060119191;-0.844688822;1;0
1081;109;1;0.772086304;-0.422584662;1;0
1082;109;2;-0.140839387;-4.29E-05;1;0
1083;109;3;0.393093926;-1.224388998;1;0
1084;109;4;0.224218574;0.616144909;1;0
1085;109;5;0.023541985;0.592789088;1;0
1086;109;6;-0.62296266;1.355604614;1;0
1087;109;7;1.262009381;-0.837958416;1;9
1088;109;8;-0.405774043;1.004534453;1;0
1089;109;9;0.666763771;0.917182102;1;0
1090;109;10;0.164639155;-0.146622896;1;0
1091;110;1;1.781524475;-1.261328275;1;0
1092;110;2;0.711213964;-0.253564732;1;1
1093;110;3;-0.337691156;1.666950659;1;1
1094;110;4;-0.009148952;0.722313515;1;0
1095;110;5;-0.125309208;0.593905631;1;0
1096;110;6;-2.090846097;-2.885017931;0;NA
1097;110;7;1.697393895;0.016111452;1;1
1098;110;8;1.063881154;0.614708925;1;2
1099;110;9;-0.766616636;-1.135184216;0;NA
1100;110;10;0.382007559;-0.476051238;1;0
1101;111;1;0.241895904;0.315704738;0;NA
1102;111;2;-1.132759411;0.163891392;0;NA
1103;111;3;1.489907414;0.957658356;1;11
1104;111;4;-0.248247105;-0.131096323;0;NA
1105;111;5;0.183583708;-0.046762144;0;NA
1106;111;6;0.404871009;1.082563894;1;2
1107;111;7;-0.994124469;0.056094257;0;NA
1108;111;8;-1.08542933;-1.281608615;0;NA
1109;111;9;-0.048542555;-0.894781475;0;NA
1110;111;10;0.576085601;0.77342465;1;0
1111;112;1;0.073830532;0.767374222;1;4
1112;112;2;0.705945571;0.700973997;1;1
1113;112;3;0.334980103;0.538885494;1;1
1114;112;4;0.545387806;1.131329992;1;1
1115;112;5;-1.402905906;-0.438376209;0;NA
1116;112;6;0.677053891;1.40231751;1;1
1117;112;7;-0.789800446;-1.33850458;0;NA
1118;112;8;-0.465728889;0.764025362;1;1
1119;112;9;-0.104852065;-0.395506774;0;NA
1120;112;10;-1.647851087;0.706673966;0;NA
1121;113;1;-0.099536952;-0.116138529;1;0
1122;113;2;-0.439857637;-0.481397891;1;0
1123;113;3;-0.718511452;0.048839896;1;0
1124;113;4;-0.554597596;0.311303006;0;NA
1125;113;5;1.245489177;-0.004420188;1;1
1126;113;6;-1.258921351;-0.195495344;1;0
1127;113;7;-0.215384481;-0.890046675;1;1
1128;113;8;-2.47196171;1.197786119;1;1
1129;113;9;-0.67416932;0.046575012;1;1
1130;113;10;-0.501297185;0.261717906;0;NA
1131;114;1;1.542325788;1.339695274;1;18
1132;114;2;-0.962018065;1.70150119;1;1
1133;114;3;-0.872179536;1.551295314;1;0
1134;114;4;-1.397629618;-0.322306165;1;0
1135;114;5;0.179805167;0.662142146;1;7
1136;114;6;1.154091988;1.63973282;1;6
1137;114;7;-1.19853361;-1.318246401;0;NA
1138;114;8;-0.425724401;-1.364940795;0;NA
1139;114;9;1.366308609;0.123357709;1;17
1140;114;10;-0.684297395;-0.592030364;1;41
1141;115;1;0.685512208;2.177803806;1;0
1142;115;2;0.389503543;1.253124686;1;0
1143;115;3;-1.305395924;-2.676658215;0;NA
1144;115;4;1.216888011;-1.66598182;0;NA
1145;115;5;0.795174018;0.84247736;1;0
1146;115;6;-0.488202509;0.385506326;0;NA
1147;115;7;-0.903993455;2.138471709;1;0
1148;115;8;-0.390418418;0.212799136;0;NA
1149;115;9;0.814063415;1.840522679;1;1
1150;115;10;-0.56424928;-1.962199067;0;NA
1151;116;1;-1.874205319;-1.066102039;0;NA
1152;116;2;-0.142904711;0.166156528;1;0
1153;116;3;0.77190401;-0.488664245;1;1
1154;116;4;-1.15911793;-0.803944154;1;2
1155;116;5;-0.237915528;-1.183375484;0;NA
1156;116;6;-1.222193326;-0.539064716;1;0
1157;116;7;0.116806213;-1.557069831;1;0
1158;116;8;-0.132499628;-0.671723487;0;NA
1159;116;9;-0.033684776;0.91357542;1;1
1160;116;10;-0.622326418;-0.767236664;1;1
1161;117;1;-0.709363462;0.92027062;0;NA
1162;117;2;0.871445414;0.329193986;0;NA
1163;117;3;0.105138019;0.397615042;0;NA
1164;117;4;-0.186935268;-2.14786924;0;NA
1165;117;5;-3.213188532;-1.914849913;0;NA
1166;117;6;-1.275618703;0.14176162;0;NA
1167;117;7;0.762906318;1.750775902;1;0
1168;117;8;-0.406815143;0.945610258;0;NA
1169;117;9;-1.208317784;-0.113763702;0;NA
1170;117;10;-0.439322657;1.271334617;0;NA
1171;118;1;-0.375580746;-0.135198351;0;NA
1172;118;2;-0.501442395;-0.009722626;0;NA
1173;118;3;0.496612576;1.529772485;1;0
1174;118;4;1.520880938;-1.188919666;1;1
1175;118;5;0.988091828;-0.145686488;0;NA
1176;118;6;1.246122534;-0.864871259;1;1
1177;118;7;-0.329867327;-0.543808781;0;NA
1178;118;8;0.844344714;-1.626953012;1;1
1179;118;9;-0.981075755;0.121071045;1;0
1180;118;10;-0.139221405;0.98110519;1;0
1181;119;1;2.185437906;-0.087078058;1;5
1182;119;2;-0.01282801;-0.297384825;1;0
1183;119;3;-0.305308926;0.613586845;1;0
1184;119;4;-0.584213461;1.349530588;1;2
1185;119;5;0.771268502;0.987770631;1;1
1186;119;6;2.106189362;0.799935934;1;31
1187;119;7;0.412157037;1.413383116;1;2
1188;119;8;-0.261264878;-0.989023429;0;NA
1189;119;9;2.073783646;-0.063206347;1;7
1190;119;10;-0.778830223;0.942109527;0;NA
1191;120;1;1.131532513;-0.594443299;0;NA
1192;120;2;-0.421345128;0.717181955;1;0
1193;120;3;-1.02174737;0.085129132;0;NA
1194;120;4;1.218305379;1.035155831;1;2
1195;120;5;-1.799760675;-1.847114934;0;NA
1196;120;6;-0.308249938;0.331402499;1;0
1197;120;7;0.015515243;1.0224282;1;0
1198;120;8;-0.442317719;0.551192062;1;0
1199;120;9;-1.638007733;1.440873313;0;NA
1200;120;10;-0.641401156;-0.074219015;0;NA
1201;121;1;-1.557035744;-0.113154404;0;NA
1202;121;2;1.923163653;0.856479837;1;2
1203;121;3;-1.856829628;-0.1855841;0;NA
1204;121;4;-2.106118436;1.42805185;1;0
1205;121;5;0.697648527;2.081767444;1;0
1206;121;6;0.907444408;-0.567490105;1;2
1207;121;7;-0.195988199;-1.087756424;0;NA
1208;121;8;-0.206820488;1.321010194;1;1
1209;121;9;0.72504317;0.718161851;1;1
1210;121;10;1.398718955;0.719504394;1;0
1211;122;1;-1.590555149;-0.965098231;0;NA
1212;122;2;1.304497077;0.166458779;1;0
1213;122;3;0.196011734;1.060343366;1;0
1214;122;4;-0.339343445;-0.366224064;0;NA
1215;122;5;1.26514414;0.33977412;1;1
1216;122;6;0.939773685;-2.316387861;0;NA
1217;122;7;1.277952486;1.188347913;1;1
1218;122;8;-0.291160144;-1.390336026;0;NA
1219;122;9;0.77617245;-1.586185023;0;NA
1220;122;10;0.295725633;1.302933824;1;1
1221;123;1;-0.517199555;0.736818182;1;0
1222;123;2;1.757233024;-0.571109489;1;0
1223;123;3;0.161726819;-0.420380806;0;NA
1224;123;4;-0.054684376;0.895919379;0;NA
1225;123;5;0.528971601;1.09070442;1;1
1226;123;6;0.389734521;-0.052028493;1;0
1227;123;7;-0.705771415;-0.670079846;0;NA
1228;123;8;-0.053178475;-0.399551244;0;NA
1229;123;9;2.606444489;0.433890096;1;1
1230;123;10;-0.072593105;-0.187513913;1;0
1231;124;1;-0.296271891;-0.993704954;0;NA
1232;124;2;0.734330336;-0.922410202;1;0
1233;124;3;0.401480746;-0.0225865;1;1
1234;124;4;-0.538301076;-0.010739851;1;0
1235;124;5;-1.082722811;-0.500236952;0;NA
1236;124;6;0.847801408;-0.181671676;1;2
1237;124;7;0.118845015;0.189541446;0;NA
1238;124;8;0.482247223;0.502988963;1;0
1239;124;9;-0.291324805;1.67391946;1;0
1240;124;10;-1.652110271;2.547228152;1;2
1241;125;1;0.069094598;0.522148839;0;NA
1242;125;2;2.3905767;-0.892420128;1;0
1243;125;3;-1.461771686;0.728312607;1;0
1244;125;4;-0.984806293;-1.158923027;0;NA
1245;125;5;-1.336053745;1.49328375;1;0
1246;125;6;-0.365131612;-0.848249916;0;NA
1247;125;7;1.381454248;0.307681941;1;1
1248;125;8;-0.153317256;1.933022416;1;0
1249;125;9;-0.255571634;0.702543351;1;0
1250;125;10;-1.288627104;0.016309718;0;NA
1251;126;1;0.065266417;0.641468522;1;0
1252;126;2;1.035326421;1.655218968;1;0
1253;126;3;2.260215792;-0.859635473;1;2
1254;126;4;1.314696275;0.617383993;1;6
1255;126;5;-0.870023346;1.335836563;1;0
1256;126;6;-0.503130035;-0.534008778;1;1
1257;126;7;0.607455555;0.528372844;1;0
1258;126;8;-0.010041416;-0.073698228;1;1
1259;126;9;0.2753303;0.109459486;1;0
1260;126;10;-1.312298783;1.100180881;1;0
1261;127;1;-0.426529867;-0.153578002;1;0
1262;127;2;-0.926404248;-0.156257911;0;NA
1263;127;3;-0.928557925;-0.386373125;0;NA
1264;127;4;-0.718900602;-0.846819494;0;NA
1265;127;5;-0.41479057;-2.172926802;0;NA
1266;127;6;-0.005667893;-0.7179062;1;3
1267;127;7;0.633448919;1.69978276;1;11
1268;127;8;-0.509180774;-0.06919328;1;6
1269;127;9;-0.857008619;-1.278188841;0;NA
1270;127;10;1.616167577;-0.575407734;1;1
1271;128;1;0.993866407;-1.389644485;1;0
1272;128;2;0.696845859;-1.502592508;0;NA
1273;128;3;1.699970673;0.931253719;1;0
1274;128;4;-0.977741945;-0.291129083;0;NA
1275;128;5;2.048817582;0.677169793;1;0
1276;128;6;1.226449324;-0.626770392;1;0
1277;128;7;0.307023012;-1.442477675;0;NA
1278;128;8;0.624332984;-0.590451563;1;0
1279;128;9;0.061341442;-0.792246797;1;1
1280;128;10;-0.110825791;-0.931869975;1;0
1281;129;1;-1.57623356;-0.017696566;1;0
1282;129;2;0.742589846;0.993062811;1;0
1283;129;3;2.142323398;0.043565024;1;0
1284;129;4;2.089772957;-2.02353098;1;8
1285;129;5;0.169794327;1.894845795;1;0
1286;129;6;-0.107877789;1.180318539;1;0
1287;129;7;0.181994495;2.414163478;1;0
1288;129;8;1.145928178;-0.240663164;1;0
1289;129;9;1.477298823;2.071289414;1;0
1290;129;10;0.407944153;0.232714078;1;0
1291;130;1;1.114278735;-0.373468344;1;1
1292;130;2;-0.027075844;-0.833345632;0;NA
1293;130;3;0.497722203;-1.46340808;0;NA
1294;130;4;1.185640014;1.03571926;1;0
1295;130;5;3.639573627;1.292874711;1;2
1296;130;6;-0.054002596;1.143984544;1;0
1297;130;7;-0.668147317;0.705208581;1;0
1298;130;8;0.445807957;0.287844944;1;0
1299;130;9;-0.405825246;0.257633143;1;0
1300;130;10;0.635283145;1.994986244;1;0
1301;131;1;0.341248399;-0.445604337;1;0
1302;131;2;1.316167163;-0.676393951;1;0
1303;131;3;-0.959776484;0.411605591;0;NA
1304;131;4;-1.205575211;-0.58685142;0;NA
1305;131;5;1.567573058;-1.274367613;1;0
1306;131;6;0.2252858;-0.896895577;1;1
1307;131;7;-0.922410657;0.502660142;0;NA
1308;131;8;-1.07377241;1.900029764;1;0
1309;131;9;-0.552358286;1.55883386;1;1
1310;131;10;0.590461401;-1.105543897;0;NA
1311;132;1;-0.527275411;0.177198676;1;0
1312;132;2;1.341846164;2.031913332;1;3
1313;132;3;0.243844628;1.40906126;1;2
1314;132;4;0.195880789;0.949793139;1;3
1315;132;5;-0.015519729;0.209709303;1;0
1316;132;6;-0.297577328;1.223156786;1;1
1317;132;7;-0.167679147;1.087052963;1;5
1318;132;8;1.15647858;-0.193491156;1;8
1319;132;9;-1.338764009;-0.795500112;1;1
1320;132;10;1.086768775;-0.289757356;1;8
1321;133;1;-0.350684197;-1.436050346;1;0
1322;133;2;0.734723245;0.877356249;1;0
1323;133;3;-0.058414484;-0.105214804;1;2
1324;133;4;-1.345812904;-2.334683844;0;NA
1325;133;5;0.346905269;-1.0970652;1;1
1326;133;6;-0.638404647;0.386193434;1;0
1327;133;7;1.124392355;1.020919149;1;0
1328;133;8;-0.827733031;0.375168198;1;1
1329;133;9;-1.787780138;-1.140894967;0;NA
1330;133;10;-0.854010003;-0.751698459;1;0
1331;134;1;-0.572022722;3.064523893;1;1
1332;134;2;-0.825930679;1.436804645;1;1
1333;134;3;-0.237584094;0.322555414;1;0
1334;134;4;-0.595326496;-0.107484885;0;NA
1335;134;5;-0.410742195;-0.051532837;1;0
1336;134;6;0.327991438;0.789774089;1;1
1337;134;7;-1.163646612;-0.217905542;1;0
1338;134;8;0.760177665;-0.544502378;1;1
1339;134;9;-0.002555836;-0.274580326;1;6
1340;134;10;-0.038227771;0.027623901;1;0
1341;135;1;-2.03623742;0.969677218;1;0
1342;135;2;-0.301229079;-2.199406494;0;NA
1343;135;3;-0.555646104;1.948093798;1;0
1344;135;4;0.847295416;0.179853219;1;4
1345;135;5;1.390820511;0.415056763;1;0
1346;135;6;1.231246215;0.646840503;1;7
1347;135;7;-1.113337462;-0.653999984;0;NA
1348;135;8;-0.796053893;-1.119949466;0;NA
1349;135;9;-0.089519877;-1.004745257;0;NA
1350;135;10;-1.059656888;0.566768541;0;NA
1351;136;1;-1.604312194;0.634128069;1;0
1352;136;2;0.791350666;-1.210035959;1;1
1353;136;3;0.068156528;-0.092922416;1;2
1354;136;4;0.614396;-1.478409078;0;NA
1355;136;5;-1.203067753;0.387880668;0;NA
1356;136;6;-0.340454835;-0.51062547;0;NA
1357;136;7;-1.171248634;-0.802804425;1;0
1358;136;8;-0.829414768;0.276300725;0;NA
1359;136;9;0.229212042;1.136858586;1;0
1360;136;10;-0.814992918;-1.690828107;0;NA
1361;137;1;-0.993445515;-0.503467609;0;NA
1362;137;2;-1.306168459;1.921735334;1;0
1363;137;3;-1.434221772;0.566044707;0;NA
1364;137;4;-0.862847933;2.618809354;1;1
1365;137;5;1.703799204;-1.39918078;1;4
1366;137;6;-0.655632596;0.154037074;1;0
1367;137;7;-1.113168626;-0.913435834;0;NA
1368;137;8;-1.405505446;1.191004972;0;NA
1369;137;9;-0.150643687;1.33709739;1;4
1370;137;10;-0.394006912;0.460433296;1;1
1371;138;1;0.25206932;1.677527595;1;9
1372;138;2;-0.282706438;0.96691197;1;3
1373;138;3;0.867667613;-1.44264795;0;NA
1374;138;4;0.720091121;-0.264151585;1;3
1375;138;5;1.056069601;1.023519196;1;4
1376;138;6;0.24350206;-2.301541979;0;NA
1377;138;7;1.114362662;0.322204241;1;30
1378;138;8;-0.076552714;-0.437954071;0;NA
1379;138;9;0.932925054;-0.423212448;1;1
1380;138;10;-0.157981739;-1.108792623;1;4
1381;139;1;-0.681509515;0.36901919;1;1
1382;139;2;-1.220101091;0.272114317;1;0
1383;139;3;-0.708912992;0.589900021;1;1
1384;139;4;-0.748679598;0.371987634;1;0
1385;139;5;0.576077526;0.445974498;1;0
1386;139;6;-0.052099464;0.52684844;1;1
1387;139;7;-0.630337174;-0.648067558;0;NA
1388;139;8;-0.898336066;1.021837068;1;0
1389;139;9;1.512685876;1.094230286;1;2
1390;139;10;-0.236749293;0.077305983;1;0
1391;140;1;-1.248803422;-0.274638208;0;NA
1392;140;2;-0.430009336;0.075271444;1;0
1393;140;3;0.093299436;0.97051913;1;0
1394;140;4;0.833041089;-0.521323523;1;0
1395;140;5;-0.084932478;0.833331308;1;0
1396;140;6;0.111853039;0.705247475;1;0
1397;140;7;-1.039435943;-2.0545051;0;NA
1398;140;8;0.796422814;-0.684249441;1;1
1399;140;9;0.099903376;-1.263237748;1;1
1400;140;10;0.736959753;1.156277844;1;1
1401;141;1;1.546881334;-1.048185661;1;3
1402;141;2;0.178920972;-0.425548812;1;1
1403;141;3;-0.282546592;-0.234873128;1;0
1404;141;4;-0.767298779;1.190289088;1;0
1405;141;5;-0.57640424;0.540713723;1;1
1406;141;6;-0.91485584;-0.089264509;1;0
1407;141;7;0.369910961;-0.712169252;1;8
1408;141;8;-1.467684363;0.504211152;1;1
1409;141;9;-1.745361978;-0.106643065;1;0
1410;141;10;-0.667381804;-2.583693196;0;NA
1411;142;1;1.084279006;0.952199546;1;0
1412;142;2;0.122831641;0.474662612;1;1
1413;142;3;-0.494249395;-0.442791772;0;NA
1414;142;4;0.669588184;0.156760103;1;1
1415;142;5;-0.351478853;-0.748730193;1;0
1416;142;6;-0.114980401;2.029294633;1;0
1417;142;7;0.072986942;0.114334541;1;0
1418;142;8;1.088774613;1.388184281;1;1
1419;142;9;1.292568738;1.356484089;1;0
1420;142;10;1.282511294;-0.712381676;1;8
1421;143;1;0.979056118;-0.690128993;1;5
1422;143;2;0.329469783;0.274245474;1;1
1423;143;3;1.879635718;-0.38078663;1;3
1424;143;4;2.042899031;1.115828775;1;4
1425;143;5;1.328576373;0.172350187;1;0
1426;143;6;-0.219668644;0.512564515;0;NA
1427;143;7;-1.040047432;-1.76720344;0;NA
1428;143;8;0.192949783;-0.670223431;1;1
1429;143;9;-0.555236252;0.276952948;1;0
1430;143;10;0.27499089;0.431967776;1;0
1431;144;1;-0.550513405;-0.960891555;1;1
1432;144;2;0.921259893;0.027430566;1;0
1433;144;3;2.189455992;-0.369601754;1;11
1434;144;4;0.96399479;0.807842438;1;2
1435;144;5;0.741818476;0.297532738;1;3
1436;144;6;0.037356565;0.023055695;1;1
1437;144;7;2.180833686;1.101914461;1;1
1438;144;8;-0.079585204;-0.162053494;1;1
1439;144;9;1.376295029;0.086544722;1;5
1440;144;10;1.575316677;0.016997902;1;5
1441;145;1;0.160376978;0.15017243;1;7
1442;145;2;-3.253220073;0.482914533;0;NA
1443;145;3;-0.329930487;0.882608394;1;3
1444;145;4;0.457089826;0.315924829;1;1
1445;145;5;-1.304103757;0.228238375;1;11
1446;145;6;-1.291173439;-0.108384387;1;2
1447;145;7;0.906379732;1.105060997;1;24
1448;145;8;-2.795961495;0.588719097;0;NA
1449;145;9;0.233560571;-0.316382724;0;NA
1450;145;10;-0.269035939;0.366356632;1;13
1451;146;1;-0.658545055;-0.761089558;1;2
1452;146;2;0.063345793;-0.387626309;1;1
1453;146;3;0.054476839;-2.350803006;1;2
1454;146;4;0.247009323;-0.765299854;1;0
1455;146;5;0.124035548;0.462167518;1;0
1456;146;6;-0.5352567;2.173902471;1;0
1457;146;7;0.258482591;-2.036716903;1;2
1458;146;8;1.387708868;0.158637566;1;2
1459;146;9;0.667170446;-0.756614781;1;0
1460;146;10;1.497049452;-0.210631994;1;0
1461;147;1;-0.274880403;0.756265079;1;4
1462;147;2;0.583075843;-0.999734481;1;4
1463;147;3;0.503358526;-0.943744525;1;10
1464;147;4;-0.743247682;-0.032131069;1;1
1465;147;5;-0.816877585;-1.514502498;0;NA
1466;147;6;1.870283681;-1.61903452;1;15
1467;147;7;-0.827253044;-0.388213748;1;1
1468;147;8;0.950712694;-0.378602977;1;0
1469;147;9;-0.266172351;-1.595048664;1;0
1470;147;10;-1.099082182;-1.10893666;0;NA
1471;148;1;-1.534217543;0.055500677;0;NA
1472;148;2;-1.20630986;-1.372618938;0;NA
1473;148;3;-1.950025273;1.37131572;1;0
1474;148;4;-0.88404003;-2.059035047;0;NA
1475;148;5;0.973405985;-0.99152549;1;1
1476;148;6;-0.580971316;0.251933894;1;0
1477;148;7;1.736767382;-1.063945096;1;3
1478;148;8;-0.172675318;-0.216902255;0;NA
1479;148;9;-0.937992532;-0.838248973;0;NA
1480;148;10;-0.28459366;0.65877363;0;NA
1481;149;1;-0.589018102;0.452007547;1;0
1482;149;2;-0.443931426;0.799963793;0;NA
1483;149;3;0.059996573;0.364728688;0;NA
1484;149;4;0.082232949;2.085946174;1;0
1485;149;5;0.758397524;-0.071484856;1;0
1486;149;6;0.539662991;0.202338216;1;0
1487;149;7;0.776647647;-1.529768634;0;NA
1488;149;8;0.132171665;-0.338088146;0;NA
1489;149;9;-0.8068653;0.954136362;1;0
1490;149;10;0.449350086;0.081842523;0;NA
1491;150;1;0.412641457;1.708018017;1;0
1492;150;2;-0.403614049;2.006053038;1;0
1493;150;3;-0.388088277;-0.787921347;0;NA
1494;150;4;1.095187748;-2.010249187;1;1
1495;150;5;1.340480043;1.136373846;1;2
1496;150;6;0.114405547;1.865077112;1;0
1497;150;7;-0.39226462;1.024617503;1;0
1498;150;8;1.652357843;-0.212386239;1;1
1499;150;9;-1.243697609;0.211036285;0;NA
1500;150;10;-0.911925871;0.446075601;0;NA
1501;151;1;0.850043472;0.520599678;1;1
1502;151;2;-0.925312995;0.377561918;0;NA
1503;151;3;0.893581214;-0.623658809;0;NA
1504;151;4;-0.941009738;-0.572610525;0;NA
1505;151;5;0.538952094;0.312501153;1;1
1506;151;6;-0.181974398;-0.707427833;0;NA
1507;151;7;0.891767595;0.521203485;1;0
1508;151;8;1.329208205;0.448187981;1;0
1509;151;9;-0.103466125;-0.505322606;0;NA
1510;151;10;0.615064611;-0.206612153;0;NA
1511;152;1;-1.799772395;0.02961402;1;0
1512;152;2;-0.262705142;2.052344152;1;2
1513;152;3;-1.210141877;-0.7685576;1;4
1514;152;4;0.204477253;-0.565258779;1;3
1515;152;5;-0.013994105;1.666663408;1;1
1516;152;6;-0.23520084;-1.540401007;1;13
1517;152;7;-0.188318654;1.145046126;1;1
1518;152;8;0.951283069;-1.561949564;1;29
1519;152;9;-0.154014786;0.471221588;1;0
1520;152;10;1.854244505;0.035761037;1;19
1521;153;1;-1.904167354;-0.351850232;1;0
1522;153;2;0.359299702;-0.943755;1;1
1523;153;3;2.114534946;0.367376616;1;4
1524;153;4;-1.135748987;-1.865471713;0;NA
1525;153;5;-0.796255986;0.110553936;1;0
1526;153;6;-0.39756945;-0.486629942;1;0
1527;153;7;0.091724042;1.197532125;1;1
1528;153;8;-0.238694074;1.512832428;1;0
1529;153;9;-0.461962364;-0.726766737;1;0
1530;153;10;1.926340607;-0.247861366;1;0
1531;154;1;0.122054815;0.134429189;1;0
1532;154;2;1.092050577;1.085317865;1;4
1533;154;3;-2.972257475;1.296145917;0;NA
1534;154;4;1.128489051;1.287629956;1;1
1535;154;5;1.312000129;-0.338703588;1;2
1536;154;6;-0.482607973;0.604296542;0;NA
1537;154;7;-0.224858997;0.920767407;1;4
1538;154;8;1.667765311;1.644763743;1;9
1539;154;9;0.041218532;-0.886251617;0;NA
1540;154;10;1.038174846;2.172500129;1;1
1541;155;1;0.587642933;0.714854302;1;7
1542;155;2;-0.158299577;1.037412571;1;2
1543;155;3;-0.292085415;-1.075571631;1;0
1544;155;4;-1.419898963;-0.47425527;1;0
1545;155;5;-2.138318025;-0.06981258;1;0
1546;155;6;-0.022500105;-0.762523194;1;1
1547;155;7;0.269770954;-0.572609704;1;2
1548;155;8;-0.502969399;-1.127691989;1;1
1549;155;9;0.63080739;0.122726541;1;15
1550;155;10;0.474565208;1.228789534;1;4
1551;156;1;-0.340659062;-0.587573019;0;NA
1552;156;2;0.04960156;-1.839168113;0;NA
1553;156;3;1.295263191;0.497826139;1;1
1554;156;4;0.314624205;0.50648165;1;0
1555;156;5;0.801572504;0.523604405;1;1
1556;156;6;0.486058896;0.624949908;1;2
1557;156;7;1.725561057;-2.980854779;0;NA
1558;156;8;0.102432861;1.886926719;1;2
1559;156;9;-0.989837075;0.45988026;1;0
1560;156;10;-0.460441209;0.39142764;1;0
1561;157;1;0.237661492;-1.187253515;1;0
1562;157;2;-0.269397264;0.444323559;1;4
1563;157;3;-0.16955407;-0.753943998;0;NA
1564;157;4;0.664868973;0.211011424;1;0
1565;157;5;-0.775550915;-0.13675208;1;0
1566;157;6;-1.919261131;0.013243995;0;NA
1567;157;7;2.01933254;0.680105587;1;6
1568;157;8;0.435210515;-0.055725367;1;0
1569;157;9;1.050168832;-0.499098019;1;9
1570;157;10;-0.312114841;-0.826927164;0;NA
1571;158;1;0.093617617;-0.289831987;1;1
1572;158;2;-2.153187751;-0.492539304;0;NA
1573;158;3;0.357993071;0.975110149;1;1
1574;158;4;0.467864811;0.097959421;1;5
1575;158;5;-0.906688835;-0.497160426;0;NA
1576;158;6;-0.529349916;0.423245238;1;0
1577;158;7;1.343576717;-0.519233145;1;3
1578;158;8;0.469434057;1.91911143;1;3
1579;158;9;-0.253105088;-1.244738349;0;NA
1580;158;10;0.369103715;-0.160439996;0;NA
1581;159;1;-1.34670719;1.021580876;1;0
1582;159;2;1.171935426;-0.632830865;1;1
1583;159;3;-1.908736345;-0.203434845;0;NA
1584;159;4;-1.004390811;0.411278204;1;1
1585;159;5;0.676687514;-1.014580421;0;NA
1586;159;6;1.152321744;0.998287671;1;3
1587;159;7;-1.732759918;-1.632289905;0;NA
1588;159;8;0.601308857;-0.234161212;1;1
1589;159;9;0.341650314;-1.655109501;0;NA
1590;159;10;-0.035281009;-0.833470788;0;NA
1591;160;1;-0.62616502;2.308883351;1;0
1592;160;2;-0.85597121;-0.263555629;0;NA
1593;160;3;0.151777842;1.997108503;1;0
1594;160;4;1.206372694;-0.242841972;1;1
1595;160;5;-1.488577883;-0.554739546;0;NA
1596;160;6;-1.050374123;-0.529476575;0;NA
1597;160;7;1.637874117;0.704735649;1;3
1598;160;8;-1.207334181;-0.938885793;0;NA
1599;160;9;-2.626155085;0.875266134;0;NA
1600;160;10;0.017463266;-0.744367045;1;0
1601;161;1;0.344194027;1.729072812;1;0
1602;161;2;0.012719837;-0.814992278;0;NA
1603;161;3;-0.873450133;-1.690232984;0;NA
1604;161;4;0.342800284;1.490944463;1;0
1605;161;5;-0.177387754;0.703633075;1;0
1606;161;6;0.921433255;-0.96269358;1;0
1607;161;7;0.300944402;-1.197536992;0;NA
1608;161;8;0.693386753;-0.000877423;1;1
1609;161;9;0.325471906;0.701008204;1;0
1610;161;10;0.408051023;-0.247341224;1;0
1611;162;1;0.759842256;-0.00627671;0;NA
1612;162;2;-2.28715352;0.14466371;0;NA
1613;162;3;0.517838262;0.532446118;1;0
1614;162;4;-1.347236258;-1.176035852;0;NA
1615;162;5;0.363159859;2.483654068;1;1
1616;162;6;1.314752565;-1.331669063;1;17
1617;162;7;-0.448305911;-1.36076833;0;NA
1618;162;8;-0.808164468;-0.235092456;1;0
1619;162;9;-0.086268499;-0.089554982;1;7
1620;162;10;1.585424273;0.200828738;1;13
1621;163;1;0.101057448;-0.265365342;1;0
1622;163;2;0.148762212;-0.110013783;1;0
1623;163;3;-0.546434668;-0.213782822;0;NA
1624;163;4;-0.527675587;0.755948255;1;0
1625;163;5;-0.139871559;-0.155226372;0;NA
1626;163;6;-1.589411414;-0.253006699;0;NA
1627;163;7;1.234104166;-1.651303544;1;2
1628;163;8;-0.335454848;-1.759526679;0;NA
1629;163;9;-2.001002507;-0.392785997;0;NA
1630;163;10;-0.017458403;-0.936514738;0;NA
1631;164;1;-0.240966896;-1.765240392;0;NA
1632;164;2;-1.791989399;-1.759311449;0;NA
1633;164;3;2.049691511;0.722482195;1;3
1634;164;4;-1.117217612;0.105902985;0;NA
1635;164;5;-1.353549545;0.390137003;0;NA
1636;164;6;0.451302311;-1.643963438;0;NA
1637;164;7;1.033227425;-0.654814621;1;2
1638;164;8;-0.195885695;-0.089142748;1;0
1639;164;9;0.227310387;-0.689411467;1;3
1640;164;10;-1.10219975;0.142398385;0;NA
1641;165;1;0.955277369;-0.536689121;1;3
1642;165;2;0.312830446;1.419588999;1;0
1643;165;3;0.101005713;0.525737567;0;NA
1644;165;4;0.748115414;-0.360002448;0;NA
1645;165;5;0.998960895;0.425554865;1;1
1646;165;6;-0.732515309;-0.41128983;1;1
1647;165;7;0.48089524;1.070924787;1;1
1648;165;8;-0.989450308;1.046822174;1;0
1649;165;9;2.229559048;-0.360574316;1;6
1650;165;10;0.4567366;-0.246120555;1;8
1651;166;1;-0.035815444;2.632843995;1;0
1652;166;2;-0.490442706;0.082873214;1;0
1653;166;3;-0.220566611;-0.993746583;0;NA
1654;166;4;-1.101209361;0.34360919;0;NA
1655;166;5;0.063470471;0.049922587;1;0
1656;166;6;0.583525933;-2.507315618;0;NA
1657;166;7;-0.513358846;0.328457976;1;0
1658;166;8;-0.812552122;1.116416122;1;1
1659;166;9;-1.629319906;-0.396691956;0;NA
1660;166;10;0.568905707;1.256966697;1;0
1661;167;1;0.333783307;0.126520262;1;0
1662;167;2;-0.211322559;1.080061767;1;0
1663;167;3;-0.55109793;-0.033213116;1;0
1664;167;4;0.258361129;0.095501195;1;0
1665;167;5;-1.375210446;-0.510297272;0;NA
1666;167;6;-1.472754149;0.908613584;0;NA
1667;167;7;-1.445209673;-0.387516125;0;NA
1668;167;8;-0.361288425;2.061054401;1;1
1669;167;9;0.790709965;-0.432644652;1;0
1670;167;10;0.714657846;-0.629652746;1;1
1671;168;1;-0.565153517;-0.780897455;1;4
1672;168;2;1.418014303;0.112304177;1;11
1673;168;3;-1.145756781;0.870599596;1;0
1674;168;4;-0.492817823;1.419802761;1;0
1675;168;5;-0.733052274;0.692738619;1;0
1676;168;6;0.15923208;-2.261613276;0;NA
1677;168;7;-1.751192959;0.713379247;0;NA
1678;168;8;1.184830867;1.536079863;1;3
1679;168;9;1.207031601;0.318570721;1;4
1680;168;10;0.977649327;-3.208056876;1;12
1681;169;1;-0.081991744;0.436681717;1;1
1682;169;2;1.156263423;-0.613251077;1;0
1683;169;3;0.486796337;-0.03496035;1;2
1684;169;4;0.958848663;-0.906138121;1;0
1685;169;5;0.177792371;-0.514021351;1;3
1686;169;6;0.292250881;0.147031119;1;2
1687;169;7;-2.113340685;-1.343876103;0;NA
1688;169;8;-0.538047911;0.163461569;0;NA
1689;169;9;1.014025585;-0.542909223;1;1
1690;169;10;0.101269641;0.423016854;1;0
1691;170;1;-1.218707372;-1.231612614;0;NA
1692;170;2;-0.958376793;1.106675468;1;0
1693;170;3;-0.555797485;0.053099237;0;NA
1694;170;4;2.121875912;-3.202110056;0;NA
1695;170;5;-0.179589988;-0.95390437;0;NA
1696;170;6;-0.644735408;-0.205155008;0;NA
1697;170;7;-2.092583772;0.352459404;0;NA
1698;170;8;-1.901870838;0.589588277;0;NA
1699;170;9;1.222250276;1.574007102;1;1
1700;170;10;-0.851220441;-0.627745333;0;NA
1701;171;1;1.621202883;0.868164977;1;5
1702;171;2;-0.329102802;-1.484370102;1;2
1703;171;3;-2.326409527;-0.400899287;0;NA
1704;171;4;2.192998;-0.639347684;1;5
1705;171;5;-1.082479976;0.216391047;1;0
1706;171;6;-0.506360967;-1.26113763;1;0
1707;171;7;0.095918957;1.987968688;1;0
1708;171;8;-0.120165258;0.982304768;1;6
1709;171;9;-1.51866763;-0.306820288;0;NA
1710;171;10;-1.510585063;-1.313163522;0;NA
1711;172;1;1.395604928;-0.907211165;0;NA
1712;172;2;-0.708421944;-0.09268695;0;NA
1713;172;3;0.827938353;-2.503327747;0;NA
1714;172;4;1.707755837;-0.582792512;1;1
1715;172;5;-0.779166557;1.120826987;1;0
1716;172;6;-0.706899069;1.165117218;1;0
1717;172;7;-1.992902511;-0.222584799;0;NA
1718;172;8;1.899876533;0.271809486;1;1
1719;172;9;-0.756206936;-0.910261998;0;NA
1720;172;10;-0.37795578;-0.74112106;1;2
1721;173;1;-1.363954801;-0.426786424;1;0
1722;173;2;0.741958159;0.750682537;1;0
1723;173;3;1.610975996;0.649328658;1;4
1724;173;4;0.227387447;-0.448295562;1;2
1725;173;5;-0.400515674;1.059415383;1;0
1726;173;6;-1.6695804;-2.69530466;0;NA
1727;173;7;1.490701097;-0.327159191;1;1
1728;173;8;0.691487433;1.319669019;1;10
1729;173;9;-0.040977477;1.558511385;1;1
1730;173;10;1.204344853;0.860637444;1;14
1731;174;1;1.298514964;0.142136862;1;15
1732;174;2;-0.462217021;0.202363274;1;0
1733;174;3;-1.225773748;-0.500252015;0;NA
1734;174;4;0.963266754;-1.150691853;1;0
1735;174;5;0.693211228;-0.608551691;1;0
1736;174;6;-0.501393166;-0.147074891;1;0
1737;174;7;3.153971417;-1.435828592;1;22
1738;174;8;-2.549106895;-0.243172364;0;NA
1739;174;9;-0.008138085;2.026695024;1;0
1740;174;10;1.138780641;-1.017997448;0;NA
1741;175;1;1.482346468;-1.309856189;1;1
1742;175;2;0.975845009;-0.616450867;1;1
1743;175;3;0.148350293;1.024418694;1;0
1744;175;4;0.788908757;-0.832749334;1;0
1745;175;5;0.55758122;1.442077224;1;0
1746;175;6;-0.027394393;-1.269219038;0;NA
1747;175;7;-0.877074959;-0.31430899;0;NA
1748;175;8;1.216243471;-0.614197782;1;3
1749;175;9;-0.351249812;-0.564376525;1;1
1750;175;10;-0.294393117;-0.564897061;0;NA
1751;176;1;0.253137809;-3.071243036;0;NA
1752;176;2;0.011497986;-1.314466093;0;NA
1753;176;3;-1.975783962;0.677056136;1;0
1754;176;4;-0.426326724;1.599117096;1;0
1755;176;5;0.61230256;-0.978987937;1;14
1756;176;6;1.230814109;-0.430657193;1;7
1757;176;7;-1.270807808;-1.622098858;0;NA
1758;176;8;-0.650555664;-0.647195629;1;2
1759;176;9;-2.443166237;0.361005671;0;NA
1760;176;10;0.996548595;-0.787349946;0;NA
1761;177;1;0.005113528;0.264414442;1;1
1762;177;2;0.791024764;-0.114378255;1;1
1763;177;3;-0.563191537;-1.630803546;0;NA
1764;177;4;0.213826203;-0.987340284;0;NA
1765;177;5;0.977082664;-1.781795608;1;3
1766;177;6;-0.234161103;-1.115050005;0;NA
1767;177;7;0.848660554;1.58649048;1;1
1768;177;8;0.653970891;-0.775966163;1;8
1769;177;9;-1.590570026;-0.656092428;0;NA
1770;177;10;0.309423133;-0.965048987;0;NA
1771;178;1;-2.48598219;0.74686332;0;NA
1772;178;2;-0.278439107;0.677905536;1;0
1773;178;3;-0.552433759;1.296536259;1;1
1774;178;4;0.876042073;0.99936419;1;0
1775;178;5;0.293483694;-0.468470899;1;0
1776;178;6;-0.597222047;0.571485629;1;0
1777;178;7;-0.157203603;0.423369097;1;2
1778;178;8;0.18418506;1.571943197;1;0
1779;178;9;-1.013032014;0.240256624;0;NA
1780;178;10;-0.679843405;0.316422729;0;NA
1781;179;1;-1.242693614;-0.5441704;1;1
1782;179;2;-1.535018736;0.122651647;1;0
1783;179;3;-0.524540013;0.954675641;1;0
1784;179;4;-0.018527385;1.492291569;1;2
1785;179;5;-1.568147171;0.782586989;1;0
1786;179;6;0.467851674;0.531534886;1;2
1787;179;7;-0.667828864;0.567232749;1;5
1788;179;8;0.31108236;0.156782132;1;2
1789;179;9;0.142551004;-0.402740226;1;0
1790;179;10;-0.374034721;0.075485805;1;3
1791;180;1;-1.944926376;-1.202630295;0;NA
1792;180;2;-1.597681314;-0.372384603;0;NA
1793;180;3;-2.540657861;0.652391155;0;NA
1794;180;4;1.36204725;0.617010157;1;2
1795;180;5;-0.360666003;-0.447139503;0;NA
1796;180;6;1.936397311;0.158481;1;2
1797;180;7;-1.455883798;-0.513998938;0;NA
1798;180;8;1.481905708;-1.122763364;1;1
1799;180;9;1.076119636;-0.447139022;1;7
1800;180;10;-0.757488401;-2.111853698;0;NA
1801;181;1;0.714085544;-0.728098633;0;NA
1802;181;2;0.581384629;-0.246700356;1;0
1803;181;3;-0.146723902;-0.613615678;0;NA
1804;181;4;1.506981777;0.103947849;1;1
1805;181;5;-0.279532643;-0.800578552;0;NA
1806;181;6;2.027738733;1.323703904;1;8
1807;181;7;-1.195740196;0.031164079;0;NA
1808;181;8;1.312317892;-0.823613673;1;1
1809;181;9;-0.524007513;-0.866751731;1;0
1810;181;10;0.354249509;-1.252581579;1;0
1811;182;1;-0.071674488;-1.050197965;0;NA
1812;182;2;-0.133144306;0.826524801;1;7
1813;182;3;-0.088077384;-0.843670256;0;NA
1814;182;4;0.917788931;-2.166680943;0;NA
1815;182;5;0.031439264;0.774014993;0;NA
1816;182;6;1.358930582;0.598681328;1;0
1817;182;7;0.113494845;1.197224676;1;0
1818;182;8;0.174306546;-0.368173869;1;0
1819;182;9;-0.053480405;0.702319799;1;0
1820;182;10;-0.424758034;0.075347058;0;NA
1821;183;1;0.207911552;-2.262650582;0;NA
1822;183;2;0.992922918;1.054705239;1;0
1823;183;3;0.813857888;-0.897325312;0;NA
1824;183;4;0.996005584;2.398854871;1;4
1825;183;5;1.732744271;1.26319967;1;7
1826;183;6;0.357042034;1.290585015;1;2
1827;183;7;0.155726335;1.988485578;1;1
1828;183;8;1.552788656;0.209206906;1;10
1829;183;9;-0.064069618;-0.444696567;1;2
1830;183;10;-1.008218758;-1.658477514;0;NA
1831;184;1;-0.892895524;0.582330197;1;0
1832;184;2;-0.654514621;-0.711207574;0;NA
1833;184;3;-1.433782829;1.368998773;1;0
1834;184;4;1.418184353;0.061200939;1;1
1835;184;5;-0.593885665;-0.252834857;1;0
1836;184;6;1.118971798;1.008643355;1;1
1837;184;7;2.384081563;-0.655228836;1;15
1838;184;8;-0.403286494;2.634131366;1;1
1839;184;9;0.370108558;-0.305332902;1;1
1840;184;10;-0.575293014;0.098493202;0;NA
1841;185;1;2.919228807;-0.689208794;1;10
1842;185;2;-1.07891479;0.31428066;0;NA
1843;185;3;1.178491329;0.920174532;1;0
1844;185;4;0.869602773;-1.512146955;1;1
1845;185;5;0.93116631;-0.01470235;1;0
1846;185;6;1.024681228;0.605651658;1;0
1847;185;7;0.612975056;-1.016880845;1;0
1848;185;8;0.608190081;1.115639556;1;0
1849;185;9;-0.89289171;-0.260163757;1;1
1850;185;10;0.452035606;1.036475896;1;3
1851;186;1;-0.374712307;0.491079255;1;0
1852;186;2;2.840185145;-1.32587205;1;12
1853;186;3;0.732393453;1.109557329;1;3
1854;186;4;0.840518928;-0.359109145;1;0
1855;186;5;-2.219652117;1.72339651;1;0
1856;186;6;-1.327463782;-0.804267341;1;0
1857;186;7;-0.976660698;1.427305518;1;0
1858;186;8;-0.587075872;-1.086789276;1;0
1859;186;9;-0.568012815;0.572121151;1;0
1860;186;10;0.643640957;1.424793384;1;0
1861;187;1;-0.237307108;-0.406071352;0;NA
1862;187;2;-0.298578026;0.049147188;1;0
1863;187;3;1.189562559;-1.031265168;1;0
1864;187;4;-2.108941204;1.030580223;1;0
1865;187;5;-0.073282004;0.796551768;1;0
1866;187;6;0.863402869;-0.667215336;1;0
1867;187;7;1.074707461;0.233497651;1;0
1868;187;8;-0.20585263;1.862195044;1;0
1869;187;9;-0.433613832;-0.056153112;1;0
1870;187;10;-0.182223784;-0.977231994;0;NA
1871;188;1;-0.431078673;0.949484832;1;1
1872;188;2;-0.42460961;0.193217241;1;1
1873;188;3;-1.353819676;-1.017300638;1;2
1874;188;4;-0.196594949;0.014279004;1;23
1875;188;5;0.234116137;-1.520106646;1;11
1876;188;6;-0.557206294;-0.673349298;1;5
1877;188;7;-1.113325275;-0.749364001;0;NA
1878;188;8;-1.630635426;-0.034280246;0;NA
1879;188;9;-0.387823881;-2.972296775;0;NA
1880;188;10;1.722632017;0.694630327;1;3
1881;189;1;-0.5585003;0.730211689;0;NA
1882;189;2;-0.636660846;-1.133966789;0;NA
1883;189;3;2.781387134;-0.056482096;1;2
1884;189;4;-1.957255876;-0.258355702;0;NA
1885;189;5;0.142527896;-1.248763828;0;NA
1886;189;6;0.664498799;-0.103110581;1;0
1887;189;7;-0.478627492;1.669195884;1;1
1888;189;8;1.183689583;-1.278004012;0;NA
1889;189;9;0.805437291;0.745799344;1;1
1890;189;10;0.053317758;0.490087173;1;0
1891;190;1;-1.167346415;-1.996707387;0;NA
1892;190;2;0.323350156;-1.408835317;0;NA
1893;190;3;-0.320783022;0.917845135;1;0
1894;190;4;-0.885950264;-0.749480755;0;NA
1895;190;5;0.151278172;-1.238439369;1;0
1896;190;6;0.579363472;1.614448404;1;2
1897;190;7;-0.079166826;-0.389374303;0;NA
1898;190;8;0.848767635;0.263419746;0;NA
1899;190;9;-2.511033487;-0.202521648;0;NA
1900;190;10;0.738477114;1.057688913;1;1
1901;191;1;-0.570994285;0.261897335;1;0
1902;191;2;0.286539016;0.107699063;1;1
1903;191;3;1.147619856;0.830921601;1;9
1904;191;4;0.139558702;0.861274474;1;0
1905;191;5;0.088926609;0.330309252;1;3
1906;191;6;-2.630159317;1.089962434;1;0
1907;191;7;-1.217220832;0.598788527;1;1
1908;191;8;0.749152579;0.497042617;1;10
1909;191;9;-1.415932924;-0.458069801;0;NA
1910;191;10;-0.112382662;0.917465292;1;6
1911;192;1;0.304032006;-0.410338311;0;NA
1912;192;2;-0.354012805;-0.82610284;0;NA
1913;192;3;-0.85124249;0.045833437;1;0
1914;192;4;-1.461173075;0.024962281;1;0
1915;192;5;0.264251846;-0.895038721;1;1
1916;192;6;-1.907357944;-0.648991739;1;0
1917;192;7;-0.925231266;-0.554713238;0;NA
1918;192;8;-0.111571293;-1.051546851;1;1
1919;192;9;-0.965234425;-0.103330413;1;2
1920;192;10;-0.162898924;-1.434442701;1;0
1921;193;1;0.860184055;-1.38061852;1;3
1922;193;2;0.018098775;-1.499392529;0;NA
1923;193;3;0.137262456;0.02201886;1;0
1924;193;4;1.598886071;0.099963722;1;5
1925;193;5;-0.111300849;-0.11512063;0;NA
1926;193;6;0.285455874;-0.401538808;1;1
1927;193;7;-1.983909896;2.344623408;1;0
1928;193;8;0.030740218;-0.977216842;0;NA
1929;193;9;-0.760004886;0.897231771;1;0
1930;193;10;-1.224013218;-0.091742293;0;NA
1931;194;1;1.002366653;-0.316511373;0;NA
1932;194;2;-0.021541423;-1.402894739;0;NA
1933;194;3;0.945321339;-0.154593922;1;2
1934;194;4;-0.908491216;0.64179129;1;0
1935;194;5;-2.402202227;-1.406118952;0;NA
1936;194;6;0.162938048;-0.88876351;1;4
1937;194;7;0.943208931;0.119647434;1;3
1938;194;8;2.54460486;0.925436129;1;15
1939;194;9;0.887190933;-0.680326923;0;NA
1940;194;10;1.060436766;-0.12941511;1;9
1941;195;1;-0.615747889;0.125415219;1;0
1942;195;2;0.352854881;-0.21104127;1;0
1943;195;3;-0.475328128;0.871376776;1;0
1944;195;4;0.42205637;1.558680461;1;0
1945;195;5;-1.183559154;0.218188257;0;NA
1946;195;6;-0.383749583;0.406154741;1;0
1947;195;7;-1.459665806;-0.258207352;0;NA
1948;195;8;0.045773224;0.885284099;1;0
1949;195;9;0.452456114;0.558528629;1;0
1950;195;10;0.05756587;0.181784422;1;0
1951;196;1;-0.638693853;1.448136154;1;0
1952;196;2;-0.238681318;0.373202909;0;NA
1953;196;3;-1.642902622;-0.395050888;0;NA
1954;196;4;-0.222574571;-0.4775294;1;1
1955;196;5;-1.775568451;-0.162994019;0;NA
1956;196;6;-0.015465903;-0.189010425;0;NA
1957;196;7;1.751046874;0.181362698;1;1
1958;196;8;0.704206506;0.826168752;1;0
1959;196;9;1.481019324;0.394415688;1;2
1960;196;10;1.352887912;0.738584941;1;1
1961;197;1;-0.329957836;-0.271130221;0;NA
1962;197;2;0.363498741;-0.061591073;1;0
1963;197;3;-1.827662733;0.849435368;0;NA
1964;197;4;0.893777744;-1.208229162;1;7
1965;197;5;-0.719124934;1.057702043;1;0
1966;197;6;0.94050952;2.374344024;1;1
1967;197;7;-1.871157591;-0.400247424;0;NA
1968;197;8;1.147002717;0.991615872;1;0
1969;197;9;-0.502991095;0.963477802;1;0
1970;197;10;1.425898368;0.099692935;1;2
1971;198;1;-0.019339956;-0.652902175;1;0
1972;198;2;-0.638073726;-1.362004628;0;NA
1973;198;3;0.498271;0.453020252;1;2
1974;198;4;-0.058246735;0.010807702;1;0
1975;198;5;-0.626216778;-1.023496723;1;0
1976;198;6;-0.894620761;-1.615919971;1;0
1977;198;7;2.410060215;-0.861437121;1;0
1978;198;8;-0.949647251;0.865796964;1;0
1979;198;9;0.559151501;-1.009157218;1;0
1980;198;10;-0.21141469;-0.135748077;1;0
1981;199;1;-1.017854802;0.574337011;1;2
1982;199;2;-1.390190989;-2.397829069;0;NA
1983;199;3;-1.488629309;0.281787803;1;0
1984;199;4;-1.406044634;0.041316633;1;0
1985;199;5;-1.496235482;-1.850623211;0;NA
1986;199;6;0.686145924;-0.794477175;0;NA
1987;199;7;-0.236761631;-0.49528626;1;0
1988;199;8;1.999142429;-0.685880871;1;3
1989;199;9;0.633238683;-0.552755959;1;6
1990;199;10;1.648197547;-0.102544009;1;3
1991;200;1;0.502718643;0.824878496;1;0
1992;200;2;0.845467412;-0.127962465;1;1
1993;200;3;0.467247396;-0.588270504;0;NA
1994;200;4;-0.402055064;0.668188487;0;NA
1995;200;5;0.923526703;1.005148323;1;0
1996;200;6;-0.008055641;-0.142203823;1;1
1997;200;7;1.033784238;0.864285924;1;0
1998;200;8;-0.799126982;-0.021904594;1;0
1999;200;9;1.004233021;-0.264730877;1;3
2000;200;10;-0.311973356;-0.91331303;1;0
